"gateway ID","node MAC","UTC timestamp","us count","frequency","RF chain","RX chain","status","size","modulation","bandwidth","datarate","coderate","RSSI","SNR","payload"
"B827EBFFFEE895BE","","2024-03-25 22:26:31.885Z",  55114740, 903900000,0, 0,"CRC_OK" , 30,"LORA",125000,"SF9"   ,"4/5",-53,+11.5,"80000008-00000000-00000000-00000000-00000000-00000000-00000000-0000"
"B827EBFFFEE895BE","","2024-03-25 22:26:35.551Z",  58779068, 903900000,0, 0,"CRC_OK" , 60,"LORA",125000,"SF9"   ,"4/5",-55,+13.0,"80000108-00000000-00000000-00000000-00000000-00000000-00000000-00000000-00000000-00000000-00000000-00000000-00000000-00000000-00000000"
"B827EBFFFEE895BE","","2024-03-25 22:26:39.213Z",  62443524, 903900000,0, 0,"CRC_OK" , 90,"LORA",125000,"SF9"   ,"4/5",-55,+12.5,"80000208-00000000-00000000-00000000-00000000-00000000-00000000-00000000-00000000-00000000-00000000-00000000-00000000-00000000-00000000-00000000-00000000-00000000-00000000-00000000-00000000-00000000-0000"
"B827EBFFFEE895BE","","2024-03-25 22:26:42.858Z",  66087292, 903900000,0, 0,"CRC_OK" ,120,"LORA",125000,"SF9"   ,"4/5",-59,+12.0,"80000308-00000000-00000000-00000000-00000000-00000000-00000000-00000000-00000000-00000000-00000000-00000000-00000000-00000000-00000000-00000000-00000000-00000000-00000000-00000000-00000000-00000000-00000000-00000000-00000000-00000000-00000000-00000000-00000000-00000000"
"B827EBFFFEE895BE","","2024-03-25 22:26:48.410Z",  71640388, 903900000,0, 0,"CRC_OK" , 30,"LORA",125000,"SF9"   ,"4/5",-54,+11.8,"80000409-00000000-00000000-00000000-00000000-00000000-00000000-0000"
"B827EBFFFEE895BE","","2024-03-25 22:26:52.076Z",  75304476, 903900000,0, 0,"CRC_OK" , 60,"LORA",125000,"SF9"   ,"4/5",-55,+13.2,"80000509-00000000-00000000-00000000-00000000-00000000-00000000-00000000-00000000-00000000-00000000-00000000-00000000-00000000-00000000"
"B827EBFFFEE895BE","","2024-03-25 22:26:55.738Z",  78968780, 903900000,0, 0,"CRC_OK" , 90,"LORA",125000,"SF9"   ,"4/5",-55,+11.0,"80000609-00000000-00000000-00000000-00000000-00000000-00000000-00000000-00000000-00000000-00000000-00000000-00000000-00000000-00000000-00000000-00000000-00000000-00000000-00000000-00000000-00000000-0000"
"B827EBFFFEE895BE","","2024-03-25 22:26:59.383Z",  82612468, 903900000,0, 0,"CRC_OK" ,120,"LORA",125000,"SF9"   ,"4/5",-59,+10.5,"80000709-00000000-00000000-00000000-00000000-00000000-00000000-00000000-00000000-00000000-00000000-00000000-00000000-00000000-00000000-00000000-00000000-00000000-00000000-00000000-00000000-00000000-00000000-00000000-00000000-00000000-00000000-00000000-00000000-00000000"
"B827EBFFFEE895BE","","2024-03-25 22:27:02.827Z",  86059427, 904300000,0, 2,"CRC_OK" , 30,"LORA",125000,"SF7"   ,"4/5",-51, +7.2,"30000040-00000000-00000000-00000000-00000000-00000000-00000000-0000"
"B827EBFFFEE895BE","","2024-03-25 22:27:04.938Z",  88165876, 903900000,0, 0,"CRC_OK" , 30,"LORA",125000,"SF9"   ,"4/5",-51,+13.5,"8000080A-00000000-00000000-00000000-00000000-00000000-00000000-0000"
"B827EBFFFEE895BE","","2024-03-25 22:27:08.601Z",  91829948, 903900000,0, 0,"CRC_OK" , 60,"LORA",125000,"SF9"   ,"4/5",-49,+13.2,"8000090A-00000000-00000000-00000000-00000000-00000000-00000000-00000000-00000000-00000000-00000000-00000000-00000000-00000000-00000000"
"B827EBFFFEE895BE","","2024-03-25 22:27:09.962Z",  93193651, 904300000,0, 2,"CRC_OK" , 90,"LORA",125000,"SF7"   ,"4/5",-53, +7.2,"30000240-00000000-00000000-00000000-00000000-00000000-00000000-00000000-00000000-00000000-00000000-00000000-00000000-00000000-00000000-00000000-00000000-00000000-00000000-00000000-00000000-00000000-0000"
"B827EBFFFEE895BE","","2024-03-25 22:27:13.522Z",  96753051, 904300000,0, 2,"CRC_OK" ,120,"LORA",125000,"SF7"   ,"4/5",-59, +7.8,"30000340-00000000-00000000-00000000-00000000-00000000-00000000-00000000-00000000-00000000-00000000-00000000-00000000-00000000-00000000-00000000-00000000-00000000-00000000-00000000-00000000-00000000-00000000-00000000-00000000-00000000-00000000-00000000-00000000-00000000"
"B827EBFFFEE895BE","","2024-03-25 22:27:15.908Z",  99137940, 903900000,0, 0,"CRC_OK" ,120,"LORA",125000,"SF9"   ,"4/5",-55, +9.5,"80000B0A-00000000-00000000-00000000-00000000-00000000-00000000-00000000-00000000-00000000-00000000-00000000-00000000-00000000-00000000-00000000-00000000-00000000-00000000-00000000-00000000-00000000-00000000-00000000-00000000-00000000-00000000-00000000-00000000-00000000"
"B827EBFFFEE895BE","","2024-03-25 22:27:17.365Z", 100596491, 903900000,0, 0,"CRC_OK" , 30,"LORA",125000,"SF7"   ,"4/5",-48, +9.8,"10000000-00000000-00000000-00000000-00000000-00000000-00000000-0000"
"B827EBFFFEE895BE","","2024-03-25 22:27:18.663Z", 101890932, 904100000,0, 1,"CRC_OK" , 90,"LORA",125000,"SF9"   ,"4/5",-58,+10.8,"90000228-00000000-00000000-00000000-00000000-00000000-00000000-00000000-00000000-00000000-00000000-00000000-00000000-00000000-00000000-00000000-00000000-00000000-00000000-00000000-00000000-00000000-0000"
"B827EBFFFEE895BE","","2024-03-25 22:27:19.354Z", 102584635, 904300000,0, 2,"CRC_OK" , 30,"LORA",125000,"SF7"   ,"4/5",-55, +7.0,"30000441-00000000-00000000-00000000-00000000-00000000-00000000-0000"
"B827EBFFFEE895BE","","2024-03-25 22:27:20.935Z", 104166003, 903900000,0, 0,"CRC_OK" , 60,"LORA",125000,"SF7"   ,"4/5",-43, +8.8,"10000100-00000000-00000000-00000000-00000000-00000000-00000000-00000000-00000000-00000000-00000000-00000000-00000000-00000000-00000000"
"B827EBFFFEE895BE","","2024-03-25 22:27:21.463Z", 104690900, 903900000,0, 0,"CRC_OK" , 30,"LORA",125000,"SF9"   ,"4/5",-49,+12.2,"80000C0B-00000000-00000000-00000000-00000000-00000000-00000000-0000"
"B827EBFFFEE895BE","","2024-03-25 22:27:22.304Z", 105531916, 904100000,0, 1,"CRC_OK" ,120,"LORA",125000,"SF9"   ,"4/5",-55,+10.2,"90000328-00000000-00000000-00000000-00000000-00000000-00000000-00000000-00000000-00000000-00000000-00000000-00000000-00000000-00000000-00000000-00000000-00000000-00000000-00000000-00000000-00000000-00000000-00000000-00000000-00000000-00000000-00000000-00000000-00000000"
"B827EBFFFEE895BE","","2024-03-25 22:27:24.498Z", 107730707, 903900000,0, 0,"CRC_OK" , 90,"LORA",125000,"SF7"   ,"4/5",-49, +9.8,"10000200-00000000-00000000-00000000-00000000-00000000-00000000-00000000-00000000-00000000-00000000-00000000-00000000-00000000-00000000-00000000-00000000-00000000-00000000-00000000-00000000-00000000-0000"
"B827EBFFFEE895BE","","2024-03-25 22:27:25.125Z", 108355028, 903900000,0, 0,"CRC_OK" , 60,"LORA",125000,"SF9"   ,"4/5",-45,+11.5,"80000D0B-00000000-00000000-00000000-00000000-00000000-00000000-00000000-00000000-00000000-00000000-00000000-00000000-00000000-00000000"
"B827EBFFFEE895BE","","2024-03-25 22:27:26.476Z", 109708715, 904300000,0, 2,"CRC_OK" , 90,"LORA",125000,"SF7"   ,"4/5",-57, +7.2,"30000641-00000000-00000000-00000000-00000000-00000000-00000000-00000000-00000000-00000000-00000000-00000000-00000000-00000000-00000000-00000000-00000000-00000000-00000000-00000000-00000000-00000000-0000"
"B827EBFFFEE895BE","","2024-03-25 22:27:27.331Z", 110560044, 904300000,0, 2,"CRC_OK" , 30,"LORA",125000,"SF9"   ,"4/5",-49, +9.0,"A0000048-00000000-00000000-00000000-00000000-00000000-00000000-0000"
"B827EBFFFEE895BE","","2024-03-25 22:27:27.852Z", 111081324, 904100000,0, 1,"CRC_OK" , 30,"LORA",125000,"SF9"   ,"4/5",-52, +9.5,"90000429-00000000-00000000-00000000-00000000-00000000-00000000-0000"
"B827EBFFFEE895BE","","2024-03-25 22:27:28.058Z", 111290403, 903900000,0, 0,"CRC_OK" ,120,"LORA",125000,"SF7"   ,"4/5",-46, +9.2,"10000300-00000000-00000000-00000000-00000000-00000000-00000000-00000000-00000000-00000000-00000000-00000000-00000000-00000000-00000000-00000000-00000000-00000000-00000000-00000000-00000000-00000000-00000000-00000000-00000000-00000000-00000000-00000000-00000000-00000000"
"B827EBFFFEE895BE","","2024-03-25 22:27:28.789Z", 112019324, 903900000,0, 0,"CRC_OK" , 90,"LORA",125000,"SF9"   ,"4/5",-49,+10.2,"80000E0B-00000000-00000000-00000000-00000000-00000000-00000000-00000000-00000000-00000000-00000000-00000000-00000000-00000000-00000000-00000000-00000000-00000000-00000000-00000000-00000000-00000000-0000"
"B827EBFFFEE895BE","","2024-03-25 22:27:30.037Z", 113268811, 904300000,0, 2,"CRC_OK" ,120,"LORA",125000,"SF7"   ,"4/5",-69, +7.5,"30000741-00000000-00000000-00000000-00000000-00000000-00000000-00000000-00000000-00000000-00000000-00000000-00000000-00000000-00000000-00000000-00000000-00000000-00000000-00000000-00000000-00000000-00000000-00000000-00000000-00000000-00000000-00000000-00000000-00000000"
"B827EBFFFEE895BE","","2024-03-25 22:27:30.996Z", 114226412, 904300000,0, 2,"CRC_OK" , 60,"LORA",125000,"SF9"   ,"4/5",-59, +8.2,"A0000148-00000000-00000000-00000000-00000000-00000000-00000000-00000000-00000000-00000000-00000000-00000000-00000000-00000000-00000000"
"B827EBFFFEE895BE","","2024-03-25 22:27:31.287Z", 114519459, 904500000,0, 3,"CRC_OK" , 60,"LORA",125000,"SF7"   ,"4/5",-52, +8.5,"40000160-00000000-00000000-00000000-00000000-00000000-00000000-00000000-00000000-00000000-00000000-00000000-00000000-00000000-00000000"
"B827EBFFFEE895BE","","2024-03-25 22:27:31.514Z", 114742820, 904100000,0, 1,"CRC_OK" , 60,"LORA",125000,"SF9"   ,"4/5",-55,+10.5,"90000529-00000000-00000000-00000000-00000000-00000000-00000000-00000000-00000000-00000000-00000000-00000000-00000000-00000000-00000000"
"B827EBFFFEE895BE","","2024-03-25 22:27:32.433Z", 115662972, 903900000,0, 0,"CRC_OK" ,120,"LORA",125000,"SF9"   ,"4/5",-51, +9.5,"80000F0B-00000000-00000000-00000000-00000000-00000000-00000000-00000000-00000000-00000000-00000000-00000000-00000000-00000000-00000000-00000000-00000000-00000000-00000000-00000000-00000000-00000000-00000000-00000000-00000000-00000000-00000000-00000000-00000000-00000000"
"B827EBFFFEE895BE","","2024-03-25 22:27:33.890Z", 117121907, 903900000,0, 0,"CRC_OK" , 30,"LORA",125000,"SF7"   ,"4/5",-42,+10.0,"10000401-00000000-00000000-00000000-00000000-00000000-00000000-0000"
"B827EBFFFEE895BE","","2024-03-25 22:27:34.662Z", 117892444, 904300000,0, 2,"CRC_OK" , 90,"LORA",125000,"SF9"   ,"4/5",-57, +9.2,"A0000248-00000000-00000000-00000000-00000000-00000000-00000000-00000000-00000000-00000000-00000000-00000000-00000000-00000000-00000000-00000000-00000000-00000000-00000000-00000000-00000000-00000000-0000"
"B827EBFFFEE895BE","","2024-03-25 22:27:34.853Z", 118084171, 904500000,0, 3,"CRC_OK" , 90,"LORA",125000,"SF7"   ,"4/5",-51, +9.5,"40000260-00000000-00000000-00000000-00000000-00000000-00000000-00000000-00000000-00000000-00000000-00000000-00000000-00000000-00000000-00000000-00000000-00000000-00000000-00000000-00000000-00000000-0000"
"B827EBFFFEE895BE","","2024-03-25 22:27:35.174Z", 118404364, 905100000,1, 6,"CRC_BAD", 90,"LORA",125000,"SF9"   ,"4/5",-103,-14.0,"90822663-A00A0003-00005157-52448122-8A280A00-05050005-00001090-00000000-50030000-00001000-0000306A-006040C8-804005AA-A90A9210-40511545-04000444-00060400-00062005-05200600-00505649-50590005-90000042-4D0C"
"B827EBFFFEE895BE","","2024-03-25 22:27:35.174Z", 118404372, 904100000,0, 1,"CRC_OK" , 90,"LORA",125000,"SF9"   ,"4/5",-49,+12.2,"90000629-00000000-00000000-00000000-00000000-00000000-00000000-00000000-00000000-00000000-00000000-00000000-00000000-00000000-00000000-00000000-00000000-00000000-00000000-00000000-00000000-00000000-0000"
"B827EBFFFEE895BE","","2024-03-25 22:27:35.893Z", 119123571, 904300000,0, 2,"CRC_OK" , 30,"LORA",125000,"SF7"   ,"4/5",-40, +7.2,"30000842-00000000-00000000-00000000-00000000-00000000-00000000-0000"
"B827EBFFFEE895BE","","2024-03-25 22:27:37.450Z", 120681427, 903900000,0, 0,"CRC_OK" , 60,"LORA",125000,"SF7"   ,"4/5",-42, +8.2,"10000501-00000000-00000000-00000000-00000000-00000000-00000000-00000000-00000000-00000000-00000000-00000000-00000000-00000000-00000000"
"B827EBFFFEE895BE","","2024-03-25 22:27:38.306Z", 121536460, 904300000,0, 2,"CRC_OK" ,120,"LORA",125000,"SF9"   ,"4/5",-60, +7.5,"A0000348-00000000-00000000-00000000-00000000-00000000-00000000-00000000-00000000-00000000-00000000-00000000-00000000-00000000-00000000-00000000-00000000-00000000-00000000-00000000-00000000-00000000-00000000-00000000-00000000-00000000-00000000-00000000-00000000-00000000"
"B827EBFFFEE895BE","","2024-03-25 22:27:38.818Z", 122045692, 904100000,0, 1,"CRC_OK" ,120,"LORA",125000,"SF9"   ,"4/5",-51,+11.2,"90000729-00000000-00000000-00000000-00000000-00000000-00000000-00000000-00000000-00000000-00000000-00000000-00000000-00000000-00000000-00000000-00000000-00000000-00000000-00000000-00000000-00000000-00000000-00000000-00000000-00000000-00000000-00000000-00000000-00000000"
"B827EBFFFEE895BE","","2024-03-25 22:27:39.466Z", 122696227, 904300000,0, 2,"CRC_OK" , 60,"LORA",125000,"SF7"   ,"4/5",-39, +7.0,"30000942-00000000-00000000-00000000-00000000-00000000-00000000-00000000-00000000-00000000-00000000-00000000-00000000-00000000-00000000"
"B827EBFFFEE895BE","","2024-03-25 22:27:39.989Z", 123218756, 904100000,0, 1,"CRC_OK" , 30,"LORA",125000,"SF9"   ,"4/5",-61,+12.2,"80001028-00000000-00000000-00000000-00000000-00000000-00000000-0000"
"B827EBFFFEE895BE","","2024-03-25 22:27:41.015Z", 124245843, 903900000,0, 0,"CRC_OK" , 90,"LORA",125000,"SF7"   ,"4/5",-41, +9.2,"10000601-00000000-00000000-00000000-00000000-00000000-00000000-00000000-00000000-00000000-00000000-00000000-00000000-00000000-00000000-00000000-00000000-00000000-00000000-00000000-00000000-00000000-0000"
"B827EBFFFEE895BE","","2024-03-25 22:27:43.039Z", 126269515, 904300000,0, 2,"CRC_OK" , 90,"LORA",125000,"SF7"   ,"4/5",-46, +7.2,"30000A42-00000000-00000000-00000000-00000000-00000000-00000000-00000000-00000000-00000000-00000000-00000000-00000000-00000000-00000000-00000000-00000000-00000000-00000000-00000000-00000000-00000000-0000"
"B827EBFFFEE895BE","","2024-03-25 22:27:43.655Z", 126882788, 904100000,0, 1,"CRC_OK" , 60,"LORA",125000,"SF9"   ,"4/5",-57,+12.5,"80001128-00000000-00000000-00000000-00000000-00000000-00000000-00000000-00000000-00000000-00000000-00000000-00000000-00000000-00000000"
"B827EBFFFEE895BE","","2024-03-25 22:27:43.863Z", 127091716, 904300000,0, 2,"CRC_OK" , 30,"LORA",125000,"SF9"   ,"4/5",-47, +8.8,"A0000449-00000000-00000000-00000000-00000000-00000000-00000000-0000"
"B827EBFFFEE895BE","","2024-03-25 22:27:44.243Z", 127474467, 904500000,0, 3,"CRC_OK" , 30,"LORA",125000,"SF7"   ,"4/5",-43, +9.5,"40000461-00000000-00000000-00000000-00000000-00000000-00000000-0000"
"B827EBFFFEE895BE","","2024-03-25 22:27:44.364Z", 127594948, 905100000,1, 6,"CRC_BAD", 30,"LORA",125000,"SF9"   ,"4/5",-101, -9.8,"90A0C822-00000050-08002184-00000053-00100000-95020090-03000060-3090"
"B827EBFFFEE895BE","","2024-03-25 22:27:44.364Z", 127594964, 904100000,0, 1,"CRC_OK" , 30,"LORA",125000,"SF9"   ,"4/5",-54, +9.8,"9000082A-00000000-00000000-00000000-00000000-00000000-00000000-0000"
"B827EBFFFEE895BE","","2024-03-25 22:27:44.573Z", 127805595, 903900000,0, 0,"CRC_OK" ,120,"LORA",125000,"SF7"   ,"4/5",-42, +8.5,"10000701-00000000-00000000-00000000-00000000-00000000-00000000-00000000-00000000-00000000-00000000-00000000-00000000-00000000-00000000-00000000-00000000-00000000-00000000-00000000-00000000-00000000-00000000-00000000-00000000-00000000-00000000-00000000-00000000-00000000"
"B827EBFFFEE895BE","","2024-03-25 22:27:46.602Z", 129834291, 904300000,0, 2,"CRC_OK" ,120,"LORA",125000,"SF7"   ,"4/5",-42, +7.5,"30000B42-00000000-00000000-00000000-00000000-00000000-00000000-00000000-00000000-00000000-00000000-00000000-00000000-00000000-00000000-00000000-00000000-00000000-00000000-00000000-00000000-00000000-00000000-00000000-00000000-00000000-00000000-00000000-00000000-00000000"
"B827EBFFFEE895BE","","2024-03-25 22:27:47.319Z", 130546884, 904100000,0, 1,"CRC_OK" , 90,"LORA",125000,"SF9"   ,"4/5",-77,+10.5,"80001228-00000000-00000000-00000000-00000000-00000000-00000000-00000000-00000000-00000000-00000000-00000000-00000000-00000000-00000000-00000000-00000000-00000000-00000000-00000000-00000000-00000000-0000"
"B827EBFFFEE895BE","","2024-03-25 22:27:47.670Z", 130903011, 904700000,1, 4,"CRC_OK" , 60,"LORA",125000,"SF7"   ,"4/5",-65, +9.0,"50000180-00000000-00000000-00000000-00000000-00000000-00000000-00000000-00000000-00000000-00000000-00000000-00000000-00000000-00000000"
"B827EBFFFEE895BE","","2024-03-25 22:27:48.026Z", 131256460, 904100000,0, 1,"CRC_OK" , 60,"LORA",125000,"SF9"   ,"4/5",-47,+10.2,"9000092A-00000000-00000000-00000000-00000000-00000000-00000000-00000000-00000000-00000000-00000000-00000000-00000000-00000000-00000000"
"B827EBFFFEE895BE","","2024-03-25 22:27:49.831Z", 133062899, 903900000,0, 0,"CRC_OK" , 30,"LORA",125000,"SF7"   ,"4/5",-57, +9.5,"10000000-00000000-00000000-00000000-00000000-00000000-00000000-0000"
"B827EBFFFEE895BE","","2024-03-25 22:27:50.408Z", 133637875, 903900000,0, 0,"CRC_OK" , 30,"LORA",125000,"SF7"   ,"4/5",-39, +9.5,"10000802-00000000-00000000-00000000-00000000-00000000-00000000-0000"
"B827EBFFFEE895BE","","2024-03-25 22:27:50.961Z", 134190692, 904100000,0, 1,"CRC_OK" ,120,"LORA",125000,"SF9"   ,"4/5",-77,+11.8,"80001328-00000000-00000000-00000000-00000000-00000000-00000000-00000000-00000000-00000000-00000000-00000000-00000000-00000000-00000000-00000000-00000000-00000000-00000000-00000000-00000000-00000000-00000000-00000000-00000000-00000000-00000000-00000000-00000000-00000000"
"B827EBFFFEE895BE","","2024-03-25 22:27:51.237Z", 134467227, 904700000,1, 4,"CRC_OK" , 90,"LORA",125000,"SF7"   ,"4/5",-60, +9.0,"50000280-00000000-00000000-00000000-00000000-00000000-00000000-00000000-00000000-00000000-00000000-00000000-00000000-00000000-00000000-00000000-00000000-00000000-00000000-00000000-00000000-00000000-0000"
"B827EBFFFEE895BE","","2024-03-25 22:27:51.368Z", 134598307, 904500000,0, 3,"CRC_OK" , 90,"LORA",125000,"SF7"   ,"4/5",-45,+10.0,"40000661-00000000-00000000-00000000-00000000-00000000-00000000-00000000-00000000-00000000-00000000-00000000-00000000-00000000-00000000-00000000-00000000-00000000-00000000-00000000-00000000-00000000-0000"
"B827EBFFFEE895BE","","2024-03-25 22:27:51.688Z", 134917876, 904100000,0, 1,"CRC_OK" , 90,"LORA",125000,"SF9"   ,"4/5",-51,+11.0,"90000A2A-00000000-00000000-00000000-00000000-00000000-00000000-00000000-00000000-00000000-00000000-00000000-00000000-00000000-00000000-00000000-00000000-00000000-00000000-00000000-00000000-00000000-0000"
"B827EBFFFEE895BE","","2024-03-25 22:27:52.439Z", 135669379, 904300000,0, 2,"CRC_OK" , 30,"LORA",125000,"SF7"   ,"4/5",-34, +6.8,"30000C43-00000000-00000000-00000000-00000000-00000000-00000000-0000"
"B827EBFFFEE895BE","","2024-03-25 22:27:52.804Z", 136034380, 905100000,1, 6,"CRC_OK" , 60,"LORA",125000,"SF7"   ,"4/5",-51, +8.2,"700001C0-00000000-00000000-00000000-00000000-00000000-00000000-00000000-00000000-00000000-00000000-00000000-00000000-00000000-00000000"
"B827EBFFFEE895BE","","2024-03-25 22:27:53.399Z", 136630899, 903900000,0, 0,"CRC_OK" , 60,"LORA",125000,"SF7"   ,"4/5",-54, +8.0,"10000100-00000000-00000000-00000000-00000000-00000000-00000000-00000000-00000000-00000000-00000000-00000000-00000000-00000000-00000000"
"B827EBFFFEE895BE","","2024-03-25 22:27:53.966Z", 137197843, 903900000,0, 0,"CRC_OK" , 60,"LORA",125000,"SF7"   ,"4/5",-39, +8.8,"10000902-00000000-00000000-00000000-00000000-00000000-00000000-00000000-00000000-00000000-00000000-00000000-00000000-00000000-00000000"
"B827EBFFFEE895BE","","2024-03-25 22:27:54.839Z", 138067724, 904300000,0, 2,"CRC_OK" ,120,"LORA",125000,"SF9"   ,"4/5",-46, +7.5,"A0000749-00000000-00000000-00000000-00000000-00000000-00000000-00000000-00000000-00000000-00000000-00000000-00000000-00000000-00000000-00000000-00000000-00000000-00000000-00000000-00000000-00000000-00000000-00000000-00000000-00000000-00000000-00000000-00000000-00000000"
"B827EBFFFEE895BE","","2024-03-25 22:27:55.329Z", 138559140, 904100000,0, 1,"CRC_OK" ,120,"LORA",125000,"SF9"   ,"4/5",-46,+11.0,"90000B2A-00000000-00000000-00000000-00000000-00000000-00000000-00000000-00000000-00000000-00000000-00000000-00000000-00000000-00000000-00000000-00000000-00000000-00000000-00000000-00000000-00000000-00000000-00000000-00000000-00000000-00000000-00000000-00000000-00000000"
"B827EBFFFEE895BE","","2024-03-25 22:27:55.997Z", 139229955, 904300000,0, 2,"CRC_OK" , 60,"LORA",125000,"SF7"   ,"4/5",-37, +6.2,"30000D43-00000000-00000000-00000000-00000000-00000000-00000000-00000000-00000000-00000000-00000000-00000000-00000000-00000000-00000000"
"B827EBFFFEE895BE","","2024-03-25 22:27:56.369Z", 139599012, 905100000,1, 6,"CRC_OK" , 90,"LORA",125000,"SF7"   ,"4/5",-53,+10.0,"700002C0-00000000-00000000-00000000-00000000-00000000-00000000-00000000-00000000-00000000-00000000-00000000-00000000-00000000-00000000-00000000-00000000-00000000-00000000-00000000-00000000-00000000-0000"
"B827EBFFFEE895BE","","2024-03-25 22:27:56.516Z", 139743844, 904100000,0, 1,"CRC_OK" , 30,"LORA",125000,"SF9"   ,"4/5",-61,+12.8,"80001429-00000000-00000000-00000000-00000000-00000000-00000000-0000"
"B827EBFFFEE895BE","","2024-03-25 22:27:56.965Z", 140195051, 903900000,0, 0,"CRC_OK" , 90,"LORA",125000,"SF7"   ,"4/5",-54, +9.2,"10000200-00000000-00000000-00000000-00000000-00000000-00000000-00000000-00000000-00000000-00000000-00000000-00000000-00000000-00000000-00000000-00000000-00000000-00000000-00000000-00000000-00000000-0000"
"B827EBFFFEE895BE","","2024-03-25 22:27:59.565Z", 142795155, 904300000,0, 2,"CRC_OK" , 90,"LORA",125000,"SF7"   ,"4/5",-35, +6.5,"30000E43-00000000-00000000-00000000-00000000-00000000-00000000-00000000-00000000-00000000-00000000-00000000-00000000-00000000-00000000-00000000-00000000-00000000-00000000-00000000-00000000-00000000-0000"
"B827EBFFFEE895BE","","2024-03-25 22:27:59.702Z", 142931003, 903900000,0, 0,"CRC_BAD",125,"LORA",125000,"SF7"   ,"4/7",-91,-11.2,"D8ECA70D-A1AC5B8D-9E0122D5-FFEC682A-66815936-FD5F294B-59B2212E-37FB2992-FDAF76A7-AFF2D0B0-55166B1C-495EADDC-8312AF9C-78EFEED9-03937F44-C975708E-199DB9EF-DFDBD896-B4B88E24-910E7C9C-4F568165-0D1CCA1C-8759FA68-A7F6AD59-8663232A-0BBF05DD-A3848EFC-B42EB05C-8A1538A3-C40CC52E-67B38652-3E"
"B827EBFFFEE895BE","","2024-03-25 22:27:59.926Z", 143158412, 905100000,1, 6,"CRC_OK" ,120,"LORA",125000,"SF7"   ,"4/5",-57, +8.8,"700003C0-00000000-00000000-00000000-00000000-00000000-00000000-00000000-00000000-00000000-00000000-00000000-00000000-00000000-00000000-00000000-00000000-00000000-00000000-00000000-00000000-00000000-00000000-00000000-00000000-00000000-00000000-00000000-00000000-00000000"
"B827EBFFFEE895BE","","2024-03-25 22:28:00.178Z", 143407940, 904100000,0, 1,"CRC_OK" , 60,"LORA",125000,"SF9"   ,"4/5",-57,+11.0,"80001529-00000000-00000000-00000000-00000000-00000000-00000000-00000000-00000000-00000000-00000000-00000000-00000000-00000000-00000000"
"B827EBFFFEE895BE","","2024-03-25 22:28:00.394Z", 143622932, 904300000,0, 2,"CRC_OK" , 30,"LORA",125000,"SF9"   ,"4/5",-42, +8.0,"A000084A-00000000-00000000-00000000-00000000-00000000-00000000-0000"
"B827EBFFFEE895BE","","2024-03-25 22:28:00.523Z", 143754643, 903900000,0, 0,"CRC_OK" ,120,"LORA",125000,"SF7"   ,"4/5",-49, +8.2,"10000300-00000000-00000000-00000000-00000000-00000000-00000000-00000000-00000000-00000000-00000000-00000000-00000000-00000000-00000000-00000000-00000000-00000000-00000000-00000000-00000000-00000000-00000000-00000000-00000000-00000000-00000000-00000000-00000000-00000000"
"B827EBFFFEE895BE","","2024-03-25 22:28:00.813Z", 144045107, 904500000,0, 3,"CRC_OK" , 30,"LORA",125000,"SF7"   ,"4/5",-36, +8.5,"40000862-00000000-00000000-00000000-00000000-00000000-00000000-0000"
"B827EBFFFEE895BE","","2024-03-25 22:28:01.091Z", 144322187, 903900000,0, 0,"CRC_OK" ,120,"LORA",125000,"SF7"   ,"4/5",-37,+10.2,"10000B02-00000000-00000000-00000000-00000000-00000000-00000000-00000000-00000000-00000000-00000000-00000000-00000000-00000000-00000000-00000000-00000000-00000000-00000000-00000000-00000000-00000000-00000000-00000000-00000000-00000000-00000000-00000000-00000000-00000000"
"B827EBFFFEE895BE","","2024-03-25 22:28:01.920Z", 145150723, 904100000,0, 1,"CRC_OK" , 30,"LORA",125000,"SF7"   ,"4/5",-54,+10.0,"20000020-00000000-00000000-00000000-00000000-00000000-00000000-0000"
"B827EBFFFEE895BE","","2024-03-25 22:28:03.124Z", 146355179, 904300000,0, 2,"CRC_OK" ,120,"LORA",125000,"SF7"   ,"4/5",-37, +7.0,"30000F43-00000000-00000000-00000000-00000000-00000000-00000000-00000000-00000000-00000000-00000000-00000000-00000000-00000000-00000000-00000000-00000000-00000000-00000000-00000000-00000000-00000000-00000000-00000000-00000000-00000000-00000000-00000000-00000000-00000000"
"B827EBFFFEE895BE","","2024-03-25 22:28:03.843Z", 147072140, 904100000,0, 1,"CRC_OK" , 90,"LORA",125000,"SF9"   ,"4/5",-61, +9.8,"80001629-00000000-00000000-00000000-00000000-00000000-00000000-00000000-00000000-00000000-00000000-00000000-00000000-00000000-00000000-00000000-00000000-00000000-00000000-00000000-00000000-00000000-0000"
"B827EBFFFEE895BE","","2024-03-25 22:28:04.407Z", 147637635, 904500000,0, 3,"CRC_OK" , 60,"LORA",125000,"SF7"   ,"4/5",-37, +9.0,"40000962-00000000-00000000-00000000-00000000-00000000-00000000-00000000-00000000-00000000-00000000-00000000-00000000-00000000-00000000"
"B827EBFFFEE895BE","","2024-03-25 22:28:04.541Z", 147769244, 904100000,0, 1,"CRC_OK" , 60,"LORA",125000,"SF9"   ,"4/5",-51,+10.5,"90000D2B-00000000-00000000-00000000-00000000-00000000-00000000-00000000-00000000-00000000-00000000-00000000-00000000-00000000-00000000"
"B827EBFFFEE895BE","","2024-03-25 22:28:05.489Z", 148720731, 904100000,0, 1,"CRC_OK" , 60,"LORA",125000,"SF7"   ,"4/5",-57, +9.8,"20000120-00000000-00000000-00000000-00000000-00000000-00000000-00000000-00000000-00000000-00000000-00000000-00000000-00000000-00000000"
"B827EBFFFEE895BE","","2024-03-25 22:28:05.758Z", 148988876, 905100000,1, 6,"CRC_OK" , 30,"LORA",125000,"SF7"   ,"4/5",-49, +8.5,"700004C1-00000000-00000000-00000000-00000000-00000000-00000000-0000"
"B827EBFFFEE895BE","","2024-03-25 22:28:06.356Z", 149585203, 903900000,0, 0,"CRC_OK" , 30,"LORA",125000,"SF7"   ,"4/5",-47, +8.2,"10000401-00000000-00000000-00000000-00000000-00000000-00000000-0000"
"B827EBFFFEE895BE","","2024-03-25 22:28:06.923Z", 150153067, 903900000,0, 0,"CRC_OK" , 30,"LORA",125000,"SF7"   ,"4/5",-37, +9.5,"10000C03-00000000-00000000-00000000-00000000-00000000-00000000-0000"
"B827EBFFFEE895BE","","2024-03-25 22:28:07.486Z", 150716132, 904100000,0, 1,"CRC_OK" ,120,"LORA",125000,"SF9"   ,"4/5",-55,+10.8,"80001729-00000000-00000000-00000000-00000000-00000000-00000000-00000000-00000000-00000000-00000000-00000000-00000000-00000000-00000000-00000000-00000000-00000000-00000000-00000000-00000000-00000000-00000000-00000000-00000000-00000000-00000000-00000000-00000000-00000000"
"B827EBFFFEE895BE","","2024-03-25 22:28:07.752Z", 150981891, 904700000,1, 4,"CRC_OK" , 90,"LORA",125000,"SF7"   ,"4/5",-55, +9.8,"50000681-00000000-00000000-00000000-00000000-00000000-00000000-00000000-00000000-00000000-00000000-00000000-00000000-00000000-00000000-00000000-00000000-00000000-00000000-00000000-00000000-00000000-0000"
"B827EBFFFEE895BE","","2024-03-25 22:28:07.852Z", 151081948, 904300000,0, 2,"CRC_OK" , 90,"LORA",125000,"SF9"   ,"4/5",-40, +7.5,"A0000A4A-00000000-00000000-00000000-00000000-00000000-00000000-00000000-00000000-00000000-00000000-00000000-00000000-00000000-00000000-00000000-00000000-00000000-00000000-00000000-00000000-00000000-0000"
"B827EBFFFEE895BE","","2024-03-25 22:28:07.993Z", 151222979, 904500000,0, 3,"CRC_OK" , 90,"LORA",125000,"SF7"   ,"4/5",-37, +9.2,"40000A62-00000000-00000000-00000000-00000000-00000000-00000000-00000000-00000000-00000000-00000000-00000000-00000000-00000000-00000000-00000000-00000000-00000000-00000000-00000000-00000000-00000000-0000"
"B827EBFFFEE895BE","","2024-03-25 22:28:08.201Z", 151430916, 905100000,1, 6,"CRC_BAD", 90,"LORA",125000,"SF9"   ,"4/5",-103, -6.2,"9000CB2B-00000000-00000000-0000105B-00110820-C5000090-0046640C-0A360200-C0008053-50645048-4004607F-C1050F99-6DB51303-C0000235-002C0010-60408000-00960800-00038C00-0023A608-0000034A-90000003-C4000060-8F00"
"B827EBFFFEE895BE","","2024-03-25 22:28:08.201Z", 151430932, 904100000,0, 1,"CRC_OK" , 90,"LORA",125000,"SF9"   ,"4/5",-44,+11.2,"90000E2B-00000000-00000000-00000000-00000000-00000000-00000000-00000000-00000000-00000000-00000000-00000000-00000000-00000000-00000000-00000000-00000000-00000000-00000000-00000000-00000000-00000000-0000"
"B827EBFFFEE895BE","","2024-03-25 22:28:09.055Z", 152285091, 904100000,0, 1,"CRC_OK" , 90,"LORA",125000,"SF7"   ,"4/5",-57,+10.2,"20000220-00000000-00000000-00000000-00000000-00000000-00000000-00000000-00000000-00000000-00000000-00000000-00000000-00000000-00000000-00000000-00000000-00000000-00000000-00000000-00000000-00000000-0000"
"B827EBFFFEE895BE","","2024-03-25 22:28:09.317Z", 152548260, 905100000,1, 6,"CRC_OK" , 60,"LORA",125000,"SF7"   ,"4/5",-48, +7.8,"700005C1-00000000-00000000-00000000-00000000-00000000-00000000-00000000-00000000-00000000-00000000-00000000-00000000-00000000-00000000"
"B827EBFFFEE895BE","","2024-03-25 22:28:09.915Z", 153144595, 903900000,0, 0,"CRC_OK" , 60,"LORA",125000,"SF7"   ,"4/5",-48, +9.0,"10000501-00000000-00000000-00000000-00000000-00000000-00000000-00000000-00000000-00000000-00000000-00000000-00000000-00000000-00000000"
"B827EBFFFEE895BE","","2024-03-25 22:28:10.481Z", 153712715, 903900000,0, 0,"CRC_OK" , 60,"LORA",125000,"SF7"   ,"4/5",-36, +9.8,"10000D03-00000000-00000000-00000000-00000000-00000000-00000000-00000000-00000000-00000000-00000000-00000000-00000000-00000000-00000000"
"B827EBFFFEE895BE","","2024-03-25 22:28:10.970Z", 154202043, 904500000,0, 3,"CRC_OK" , 30,"LORA",125000,"SF7"   ,"4/5",-48,+10.0,"30001060-00000000-00000000-00000000-00000000-00000000-00000000-0000"
"B827EBFFFEE895BE","","2024-03-25 22:28:11.309Z", 154541603, 904700000,1, 4,"CRC_OK" ,120,"LORA",125000,"SF7"   ,"4/5",-55, +8.5,"50000781-00000000-00000000-00000000-00000000-00000000-00000000-00000000-00000000-00000000-00000000-00000000-00000000-00000000-00000000-00000000-00000000-00000000-00000000-00000000-00000000-00000000-00000000-00000000-00000000-00000000-00000000-00000000-00000000-00000000"
"B827EBFFFEE895BE","","2024-03-25 22:28:11.844Z", 155072116, 905100000,1, 6,"CRC_BAD",120,"LORA",125000,"SF9"   ,"4/5",-103, -7.0,"90000F2B-00000000-00000006-00000000-00000068-2E48A23A-A0A8B9AA-09350000-50530C52-1060F02F-0506F00C-08C03C89-1C91D4A0-C880CEA1-8C044800-33409030-00060400-00038600-0020A608-00000340-80000003-C4000002-09000000-96000000-008A0480-00A00840-10424A08-00000608-00006340-08000045"
"B827EBFFFEE895BE","","2024-03-25 22:28:11.844Z", 155072132, 904100000,0, 1,"CRC_OK" ,120,"LORA",125000,"SF9"   ,"4/5",-48, +8.5,"90000F2B-00000000-00000000-00000000-00000000-00000000-00000000-00000000-00000000-00000000-00000000-00000000-00000000-00000000-00000000-00000000-00000000-00000000-00000000-00000000-00000000-00000000-00000000-00000000-00000000-00000000-00000000-00000000-00000000-00000000"
"B827EBFFFEE895BE","","2024-03-25 22:28:12.613Z", 155844443, 904100000,0, 1,"CRC_OK" ,120,"LORA",125000,"SF7"   ,"4/5",-57,+10.0,"20000320-00000000-00000000-00000000-00000000-00000000-00000000-00000000-00000000-00000000-00000000-00000000-00000000-00000000-00000000-00000000-00000000-00000000-00000000-00000000-00000000-00000000-00000000-00000000-00000000-00000000-00000000-00000000-00000000-00000000"
"B827EBFFFEE895BE","","2024-03-25 22:28:12.881Z", 156112820, 905100000,1, 6,"CRC_OK" , 90,"LORA",125000,"SF7"   ,"4/5",-49, +8.2,"700006C1-00000000-00000000-00000000-00000000-00000000-00000000-00000000-00000000-00000000-00000000-00000000-00000000-00000000-00000000-00000000-00000000-00000000-00000000-00000000-00000000-00000000-0000"
"B827EBFFFEE895BE","","2024-03-25 22:28:13.039Z", 156269204, 904100000,0, 1,"CRC_OK" , 30,"LORA",125000,"SF9"   ,"4/5",-55,+12.8,"8000182A-00000000-00000000-00000000-00000000-00000000-00000000-0000"
"B827EBFFFEE895BE","","2024-03-25 22:28:13.478Z", 156709219, 903900000,0, 0,"CRC_OK" , 90,"LORA",125000,"SF7"   ,"4/5",-49, +8.8,"10000601-00000000-00000000-00000000-00000000-00000000-00000000-00000000-00000000-00000000-00000000-00000000-00000000-00000000-00000000-00000000-00000000-00000000-00000000-00000000-00000000-00000000-0000"
"B827EBFFFEE895BE","","2024-03-25 22:28:14.048Z", 157277531, 903900000,0, 0,"CRC_OK" , 90,"LORA",125000,"SF7"   ,"4/5",-37, +8.8,"10000E03-00000000-00000000-00000000-00000000-00000000-00000000-00000000-00000000-00000000-00000000-00000000-00000000-00000000-00000000-00000000-00000000-00000000-00000000-00000000-00000000-00000000-0000"
"B827EBFFFEE895BE","","2024-03-25 22:28:16.441Z",         0, 903900000,0, 0,"CRC_OK" ,120,"LORA",125000,"ERR"   ,""   ,-131, +0.0,"00000000-00000000-00000000-00000000-00000000-00000000-00000006-73211933-526E1A4E-09CC2D07-57003280-00182A00-00000000-00000000-00000000-00000000-00000000-00000000-00019333-28424C26-86500986-9D06D100-51100006-01000000-00000000-00000000-00000000-00000000-00000000-00000000"
"B827EBFFFEE895BE","","2024-03-25 22:28:16.703Z", 159933268, 904100000,0, 1,"CRC_OK" , 60,"LORA",125000,"SF9"   ,"4/5",-61,+11.8,"8000192A-00000000-00000000-00000000-00000000-00000000-00000000-00000000-00000000-00000000-00000000-00000000-00000000-00000000-00000000"
"B827EBFFFEE895BE","","2024-03-25 22:28:17.038Z", 160269115, 903900000,0, 0,"CRC_OK" ,120,"LORA",125000,"SF7"   ,"4/5",-49, +8.8,"10000701-00000000-00000000-00000000-00000000-00000000-00000000-00000000-00000000-00000000-00000000-00000000-00000000-00000000-00000000-00000000-00000000-00000000-00000000-00000000-00000000-00000000-00000000-00000000-00000000-00000000-00000000-00000000-00000000-00000000"
"B827EBFFFEE895BE","","2024-03-25 22:28:17.606Z", 160837179, 903900000,0, 0,"CRC_OK" ,120,"LORA",125000,"SF7"   ,"4/5",-36, +8.2,"10000F03-00000000-00000000-00000000-00000000-00000000-00000000-00000000-00000000-00000000-00000000-00000000-00000000-00000000-00000000-00000000-00000000-00000000-00000000-00000000-00000000-00000000-00000000-00000000-00000000-00000000-00000000-00000000-00000000-00000000"
"B827EBFFFEE895BE","","2024-03-25 22:28:18.104Z", 161336275, 904500000,0, 3,"CRC_OK" , 90,"LORA",125000,"SF7"   ,"4/5",-47, +8.8,"30001260-00000000-00000000-00000000-00000000-00000000-00000000-00000000-00000000-00000000-00000000-00000000-00000000-00000000-00000000-00000000-00000000-00000000-00000000-00000000-00000000-00000000-0000"
"B827EBFFFEE895BE","","2024-03-25 22:28:19.392Z", 162622420, 904300000,0, 2,"CRC_OK" , 30,"LORA",125000,"SF9"   ,"4/5",-63, +8.2,"90001048-00000000-00000000-00000000-00000000-00000000-00000000-0000"
"B827EBFFFEE895BE","","2024-03-25 22:28:20.370Z", 163597452, 904100000,0, 1,"CRC_OK" , 90,"LORA",125000,"SF9"   ,"4/5",-53,+12.5,"80001A2A-00000000-00000000-00000000-00000000-00000000-00000000-00000000-00000000-00000000-00000000-00000000-00000000-00000000-00000000-00000000-00000000-00000000-00000000-00000000-00000000-00000000-0000"
"B827EBFFFEE895BE","","2024-03-25 22:28:20.700Z", 163931747, 904700000,1, 4,"CRC_OK" , 60,"LORA",125000,"SF7"   ,"4/5",-51, +8.2,"50000982-00000000-00000000-00000000-00000000-00000000-00000000-00000000-00000000-00000000-00000000-00000000-00000000-00000000-00000000"
"B827EBFFFEE895BE","","2024-03-25 22:28:21.669Z", 164899395, 904500000,0, 3,"CRC_OK" ,120,"LORA",125000,"SF7"   ,"4/5",-48, +8.8,"30001360-00000000-00000000-00000000-00000000-00000000-00000000-00000000-00000000-00000000-00000000-00000000-00000000-00000000-00000000-00000000-00000000-00000000-00000000-00000000-00000000-00000000-00000000-00000000-00000000-00000000-00000000-00000000-00000000-00000000"
"B827EBFFFEE895BE","","2024-03-25 22:28:22.003Z", 165235411, 904100000,0, 1,"CRC_OK" , 60,"LORA",125000,"SF7"   ,"4/5",-49, +7.8,"20000521-00000000-00000000-00000000-00000000-00000000-00000000-00000000-00000000-00000000-00000000-00000000-00000000-00000000-00000000"
"B827EBFFFEE895BE","","2024-03-25 22:28:22.242Z", 165473996, 905100000,1, 6,"CRC_OK" , 30,"LORA",125000,"SF7"   ,"4/5",-43, +9.8,"700008C2-00000000-00000000-00000000-00000000-00000000-00000000-0000"
"B827EBFFFEE895BE","","2024-03-25 22:28:23.054Z", 166283876, 904300000,0, 2,"CRC_OK" , 60,"LORA",125000,"SF9"   ,"4/5",-65, +8.5,"90001148-00000000-00000000-00000000-00000000-00000000-00000000-00000000-00000000-00000000-00000000-00000000-00000000-00000000-00000000"
"B827EBFFFEE895BE","","2024-03-25 22:28:24.012Z", 167241364, 904100000,0, 1,"CRC_OK" ,120,"LORA",125000,"SF9"   ,"4/5",-49, +9.0,"80001B2A-00000000-00000000-00000000-00000000-00000000-00000000-00000000-00000000-00000000-00000000-00000000-00000000-00000000-00000000-00000000-00000000-00000000-00000000-00000000-00000000-00000000-00000000-00000000-00000000-00000000-00000000-00000000-00000000-00000000"
"B827EBFFFEE895BE","","2024-03-25 22:28:24.266Z", 167496387, 904700000,1, 4,"CRC_OK" , 90,"LORA",125000,"SF7"   ,"4/5",-49, +9.2,"50000A82-00000000-00000000-00000000-00000000-00000000-00000000-00000000-00000000-00000000-00000000-00000000-00000000-00000000-00000000-00000000-00000000-00000000-00000000-00000000-00000000-00000000-0000"
"B827EBFFFEE895BE","","2024-03-25 22:28:24.492Z", 167720180, 904300000,0, 2,"CRC_OK" , 90,"LORA",125000,"SF9"   ,"4/5",-42, +7.8,"A0000E4B-00000000-00000000-00000000-00000000-00000000-00000000-00000000-00000000-00000000-00000000-00000000-00000000-00000000-00000000-00000000-00000000-00000000-00000000-00000000-00000000-00000000-0000"
"B827EBFFFEE895BE","","2024-03-25 22:28:24.537Z", 167768315, 904500000,0, 3,"CRC_OK" , 90,"LORA",125000,"SF7"   ,"4/5",-36,+10.0,"40000E63-00000000-00000000-00000000-00000000-00000000-00000000-00000000-00000000-00000000-00000000-00000000-00000000-00000000-00000000-00000000-00000000-00000000-00000000-00000000-00000000-00000000-0000"
"B827EBFFFEE895BE","","2024-03-25 22:28:25.442Z", 168669331, 904100000,0, 1,"CRC_OK" , 30,"LORA",125000,"SF7"   ,"4/5",-46, +3.0,"10001020-00000000-00000000-00000000-00000000-00000000-00000000-0000"
"B827EBFFFEE895BE","","2024-03-25 22:28:25.707Z", 168939364, 905100000,1, 6,"CRC_OK" , 60,"LORA",125000,"SF7"   ,"4/5",-45, +9.8,"700009C2-00000000-00000000-00000000-00000000-00000000-00000000-00000000-00000000-00000000-00000000-00000000-00000000-00000000-00000000"
"B827EBFFFEE895BE","","2024-03-25 22:28:26.436Z", 169667331, 903900000,0, 0,"CRC_OK" , 60,"LORA",125000,"SF7"   ,"4/5",-42, +8.5,"10000902-00000000-00000000-00000000-00000000-00000000-00000000-00000000-00000000-00000000-00000000-00000000-00000000-00000000-00000000"
"B827EBFFFEE895BE","","2024-03-25 22:28:27.503Z", 170735387, 904500000,0, 3,"CRC_OK" , 30,"LORA",125000,"SF7"   ,"4/5",-42, +7.5,"30001461-00000000-00000000-00000000-00000000-00000000-00000000-0000"
"B827EBFFFEE895BE","","2024-03-25 22:28:27.825Z", 171055787, 904700000,1, 4,"CRC_OK" ,120,"LORA",125000,"SF7"   ,"4/5",-49,+10.5,"50000B82-00000000-00000000-00000000-00000000-00000000-00000000-00000000-00000000-00000000-00000000-00000000-00000000-00000000-00000000-00000000-00000000-00000000-00000000-00000000-00000000-00000000-00000000-00000000-00000000-00000000-00000000-00000000-00000000-00000000"
"B827EBFFFEE895BE","","2024-03-25 22:28:28.099Z", 171329067, 904500000,0, 3,"CRC_OK" ,120,"LORA",125000,"SF7"   ,"4/5",-35,+10.0,"40000F63-00000000-00000000-00000000-00000000-00000000-00000000-00000000-00000000-00000000-00000000-00000000-00000000-00000000-00000000-00000000-00000000-00000000-00000000-00000000-00000000-00000000-00000000-00000000-00000000-00000000-00000000-00000000-00000000-00000000"
"B827EBFFFEE895BE","","2024-03-25 22:28:28.141Z", 171369764, 904300000,0, 2,"CRC_OK" ,120,"LORA",125000,"SF9"   ,"4/5",-42, +7.2,"A0000F4B-00000000-00000000-00000000-00000000-00000000-00000000-00000000-00000000-00000000-00000000-00000000-00000000-00000000-00000000-00000000-00000000-00000000-00000000-00000000-00000000-00000000-00000000-00000000-00000000-00000000-00000000-00000000-00000000-00000000"
"B827EBFFFEE895BE","","2024-03-25 22:28:28.999Z", 172228555, 904100000,0, 1,"CRC_OK" , 60,"LORA",125000,"SF7"   ,"4/5",-46, +3.2,"10001120-00000000-00000000-00000000-00000000-00000000-00000000-00000000-00000000-00000000-00000000-00000000-00000000-00000000-00000000"
"B827EBFFFEE895BE","","2024-03-25 22:28:29.218Z", 172447716, 905100000,1, 6,"CRC_OK" , 90,"LORA",125000,"SF7"   ,"4/5",-43, +8.5,"70000AC2-00000000-00000000-00000000-00000000-00000000-00000000-00000000-00000000-00000000-00000000-00000000-00000000-00000000-00000000-00000000-00000000-00000000-00000000-00000000-00000000-00000000-0000"
"B827EBFFFEE895BE","","2024-03-25 22:28:29.566Z", 172794220, 904100000,0, 1,"CRC_OK" , 30,"LORA",125000,"SF9"   ,"4/5",-51,+11.5,"80001C2B-00000000-00000000-00000000-00000000-00000000-00000000-0000"
"B827EBFFFEE895BE","","2024-03-25 22:28:30.003Z", 173233835, 903900000,0, 0,"CRC_OK" , 90,"LORA",125000,"SF7"   ,"4/5",-45, +9.5,"10000A02-00000000-00000000-00000000-00000000-00000000-00000000-00000000-00000000-00000000-00000000-00000000-00000000-00000000-00000000-00000000-00000000-00000000-00000000-00000000-00000000-00000000-0000"
"B827EBFFFEE895BE","","2024-03-25 22:28:32.561Z", 175793203, 904100000,0, 1,"CRC_OK" , 90,"LORA",125000,"SF7"   ,"4/5",-46,+10.0,"10001220-00000000-00000000-00000000-00000000-00000000-00000000-00000000-00000000-00000000-00000000-00000000-00000000-00000000-00000000-00000000-00000000-00000000-00000000-00000000-00000000-00000000-0000"
"B827EBFFFEE895BE","","2024-03-25 22:28:32.739Z", 175970580, 905100000,1, 6,"CRC_OK" ,120,"LORA",125000,"SF7"   ,"4/5",-45,+10.5,"70000BC2-00000000-00000000-00000000-00000000-00000000-00000000-00000000-00000000-00000000-00000000-00000000-00000000-00000000-00000000-00000000-00000000-00000000-00000000-00000000-00000000-00000000-00000000-00000000-00000000-00000000-00000000-00000000-00000000-00000000"
"B827EBFFFEE895BE","","2024-03-25 22:28:33.229Z", 176458156, 904100000,0, 1,"CRC_OK" , 60,"LORA",125000,"SF9"   ,"4/5",-51,+10.8,"80001D2B-00000000-00000000-00000000-00000000-00000000-00000000-00000000-00000000-00000000-00000000-00000000-00000000-00000000-00000000"
"B827EBFFFEE895BE","","2024-03-25 22:28:33.564Z", 176794875, 903900000,0, 0,"CRC_OK" ,120,"LORA",125000,"SF7"   ,"4/5",-42, +9.8,"10000B02-00000000-00000000-00000000-00000000-00000000-00000000-00000000-00000000-00000000-00000000-00000000-00000000-00000000-00000000-00000000-00000000-00000000-00000000-00000000-00000000-00000000-00000000-00000000-00000000-00000000-00000000-00000000-00000000-00000000"
"B827EBFFFEE895BE","","2024-03-25 22:28:34.634Z", 177864171, 904500000,0, 3,"CRC_OK" , 90,"LORA",125000,"SF7"   ,"4/5",-41, +8.8,"30001661-00000000-00000000-00000000-00000000-00000000-00000000-00000000-00000000-00000000-00000000-00000000-00000000-00000000-00000000-00000000-00000000-00000000-00000000-00000000-00000000-00000000-0000"
"B827EBFFFEE895BE","","2024-03-25 22:28:34.990Z", 178219780, 904900000,1, 5,"CRC_OK" , 30,"LORA",125000,"SF7"   ,"4/5",-42, +8.2,"600000A0-00000000-00000000-00000000-00000000-00000000-00000000-0000"
"B827EBFFFEE895BE","","2024-03-25 22:28:35.668Z", 178895692, 904500000,0, 3,"CRC_OK" , 30,"LORA",125000,"SF9"   ,"4/5",-51, +9.8,"A0001068-00000000-00000000-00000000-00000000-00000000-00000000-0000"
"B827EBFFFEE895BE","","2024-03-25 22:28:35.959Z", 179192107, 904700000,1, 4,"CRC_OK" , 30,"LORA",125000,"SF7"   ,"4/5",-48,+10.0,"40001080-00000000-00000000-00000000-00000000-00000000-00000000-0000"
"B827EBFFFEE895BE","","2024-03-25 22:28:36.121Z", 179352515, 904100000,0, 1,"CRC_OK" ,120,"LORA",125000,"SF7"   ,"4/5",-45,+10.0,"10001320-00000000-00000000-00000000-00000000-00000000-00000000-00000000-00000000-00000000-00000000-00000000-00000000-00000000-00000000-00000000-00000000-00000000-00000000-00000000-00000000-00000000-00000000-00000000-00000000-00000000-00000000-00000000-00000000-00000000"
"B827EBFFFEE895BE","","2024-03-25 22:28:36.895Z", 180122388, 904100000,0, 1,"CRC_OK" , 90,"LORA",125000,"SF9"   ,"4/5",-43,+12.0,"80001E2B-00000000-00000000-00000000-00000000-00000000-00000000-00000000-00000000-00000000-00000000-00000000-00000000-00000000-00000000-00000000-00000000-00000000-00000000-00000000-00000000-00000000-0000"
"B827EBFFFEE895BE","","2024-03-25 22:28:37.214Z", 180445603, 904700000,1, 4,"CRC_OK" , 60,"LORA",125000,"SF7"   ,"4/5",-55,+10.0,"50000D83-00000000-00000000-00000000-00000000-00000000-00000000-00000000-00000000-00000000-00000000-00000000-00000000-00000000-00000000"
"B827EBFFFEE895BE","","2024-03-25 22:28:38.550Z", 181780619, 904100000,0, 1,"CRC_OK" , 60,"LORA",125000,"SF7"   ,"4/5",-51, +9.0,"20000922-00000000-00000000-00000000-00000000-00000000-00000000-00000000-00000000-00000000-00000000-00000000-00000000-00000000-00000000"
"B827EBFFFEE895BE","","2024-03-25 22:28:39.253Z", 182482684, 904500000,0, 3,"CRC_OK" , 60,"LORA",125000,"SF9"   ,"4/5",-52, +9.5,"A0001168-00000000-00000000-00000000-00000000-00000000-00000000-00000000-00000000-00000000-00000000-00000000-00000000-00000000-00000000"
"B827EBFFFEE895BE","","2024-03-25 22:28:39.397Z", 182627635, 903900000,0, 0,"CRC_OK" , 30,"LORA",125000,"SF7"   ,"4/5",-40, +8.8,"10000C03-00000000-00000000-00000000-00000000-00000000-00000000-0000"
"B827EBFFFEE895BE","","2024-03-25 22:28:39.529Z", 182761955, 904700000,1, 4,"CRC_OK" , 60,"LORA",125000,"SF7"   ,"4/5",-49,+10.2,"40001180-00000000-00000000-00000000-00000000-00000000-00000000-00000000-00000000-00000000-00000000-00000000-00000000-00000000-00000000"
"B827EBFFFEE895BE","","2024-03-25 22:28:39.572Z", 182797748, 905300000,1, 7,"CRC_BAD", 60,"LORA",125000,"SF9"   ,"4/5",-107,-14.2,"90001549-00005005-00000000-00000000-00000000-00020000-00000000-01002000-C0A59D89-BD11004D-144054DD-EE6F0556-56657082-F50DE333-03303300"
"B827EBFFFEE895BE","","2024-03-25 22:28:39.572Z", 182797756, 904300000,0, 2,"CRC_OK" , 60,"LORA",125000,"SF9"   ,"4/5",-54, +8.8,"90001549-00000000-00000000-00000000-00000000-00000000-00000000-00000000-00000000-00000000-00000000-00000000-00000000-00000000-00000000"
"B827EBFFFEE895BE","","2024-03-25 22:28:40.780Z", 184010083, 904700000,1, 4,"CRC_OK" , 90,"LORA",125000,"SF7"   ,"4/5",-55, +9.5,"50000E83-00000000-00000000-00000000-00000000-00000000-00000000-00000000-00000000-00000000-00000000-00000000-00000000-00000000-00000000-00000000-00000000-00000000-00000000-00000000-00000000-00000000-0000"
"B827EBFFFEE895BE","","2024-03-25 22:28:41.952Z", 185183003, 904100000,0, 1,"CRC_OK" , 30,"LORA",125000,"SF7"   ,"4/5",-39, +9.8,"10001421-00000000-00000000-00000000-00000000-00000000-00000000-0000"
"B827EBFFFEE895BE","","2024-03-25 22:28:42.090Z", 185320148, 905100000,1, 6,"CRC_OK" , 60,"LORA",125000,"SF7"   ,"4/5",-48, +9.0,"70000DC3-00000000-00000000-00000000-00000000-00000000-00000000-00000000-00000000-00000000-00000000-00000000-00000000-00000000-00000000"
"B827EBFFFEE895BE","","2024-03-25 22:28:42.871Z", 186101580, 904500000,0, 3,"CRC_OK" , 90,"LORA",125000,"SF9"   ,"4/5",-52, +9.2,"A0001268-00000000-00000000-00000000-00000000-00000000-00000000-00000000-00000000-00000000-00000000-00000000-00000000-00000000-00000000-00000000-00000000-00000000-00000000-00000000-00000000-00000000-0000"
"B827EBFFFEE895BE","","2024-03-25 22:28:43.103Z", 186333683, 904700000,1, 4,"CRC_OK" , 90,"LORA",125000,"SF7"   ,"4/5",-48, +8.8,"40001280-00000000-00000000-00000000-00000000-00000000-00000000-00000000-00000000-00000000-00000000-00000000-00000000-00000000-00000000-00000000-00000000-00000000-00000000-00000000-00000000-00000000-0000"
"B827EBFFFEE895BE","","2024-03-25 22:28:43.232Z", 186459316, 905300000,1, 7,"CRC_BAD", 90,"LORA",125000,"SF9"   ,"4/5",-105,-13.0,"90001649-00000000-0000660C-00000000-00000000-00000000-00000000-000C8000-60CE895E-D74238BC-0B9C1ECB-0F95B0CC-B597251C-285F913F-96406A53-B06C59D2-9A6CA165-00098000-00210600-0000634A-C400000F-88003060-8A00"
"B827EBFFFEE895BE","","2024-03-25 22:28:43.232Z", 186459324, 904300000,0, 2,"CRC_OK" , 90,"LORA",125000,"SF9"   ,"4/5",-52, +8.0,"90001649-00000000-00000000-00000000-00000000-00000000-00000000-00000000-00000000-00000000-00000000-00000000-00000000-00000000-00000000-00000000-00000000-00000000-00000000-00000000-00000000-00000000-0000"
"B827EBFFFEE895BE","","2024-03-25 22:28:44.028Z", 187259619, 904500000,0, 3,"CRC_OK" , 30,"LORA",125000,"SF7"   ,"4/5",-41, +9.5,"30001862-00000000-00000000-00000000-00000000-00000000-00000000-0000"
"B827EBFFFEE895BE","","2024-03-25 22:28:44.337Z", 187569427, 904700000,1, 4,"CRC_OK" ,120,"LORA",125000,"SF7"   ,"4/5",-48, +9.0,"50000F83-00000000-00000000-00000000-00000000-00000000-00000000-00000000-00000000-00000000-00000000-00000000-00000000-00000000-00000000-00000000-00000000-00000000-00000000-00000000-00000000-00000000-00000000-00000000-00000000-00000000-00000000-00000000-00000000-00000000"
"B827EBFFFEE895BE","","2024-03-25 22:28:45.513Z", 188742403, 904100000,0, 1,"CRC_OK" , 60,"LORA",125000,"SF7"   ,"4/5",-39, +6.8,"10001521-00000000-00000000-00000000-00000000-00000000-00000000-00000000-00000000-00000000-00000000-00000000-00000000-00000000-00000000"
"B827EBFFFEE895BE","","2024-03-25 22:28:45.680Z", 188912028, 904900000,1, 5,"CRC_OK" ,120,"LORA",125000,"SF7"   ,"4/5",-41,+10.0,"600003A0-00000000-00000000-00000000-00000000-00000000-00000000-00000000-00000000-00000000-00000000-00000000-00000000-00000000-00000000-00000000-00000000-00000000-00000000-00000000-00000000-00000000-00000000-00000000-00000000-00000000-00000000-00000000-00000000-00000000"
"B827EBFFFEE895BE","","2024-03-25 22:28:46.489Z", 189717492, 904500000,0, 3,"CRC_OK" ,120,"LORA",125000,"SF9"   ,"4/5",-53,+11.8,"A0001368-00000000-00000000-00000000-00000000-00000000-00000000-00000000-00000000-00000000-00000000-00000000-00000000-00000000-00000000-00000000-00000000-00000000-00000000-00000000-00000000-00000000-00000000-00000000-00000000-00000000-00000000-00000000-00000000-00000000"
"B827EBFFFEE895BE","","2024-03-25 22:28:46.669Z", 189898187, 904700000,1, 4,"CRC_OK" ,120,"LORA",125000,"SF7"   ,"4/5",-49,+10.5,"40001380-00000000-00000000-00000000-00000000-00000000-00000000-00000000-00000000-00000000-00000000-00000000-00000000-00000000-00000000-00000000-00000000-00000000-00000000-00000000-00000000-00000000-00000000-00000000-00000000-00000000-00000000-00000000-00000000-00000000"
"B827EBFFFEE895BE","","2024-03-25 22:28:46.871Z", 190100228, 904300000,0, 2,"CRC_OK" ,120,"LORA",125000,"SF9"   ,"4/5",-49, +8.2,"90001749-00000000-00000000-00000000-00000000-00000000-00000000-00000000-00000000-00000000-00000000-00000000-00000000-00000000-00000000-00000000-00000000-00000000-00000000-00000000-00000000-00000000-00000000-00000000-00000000-00000000-00000000-00000000-00000000-00000000"
"B827EBFFFEE895BE","","2024-03-25 22:28:47.591Z", 190820323, 904500000,0, 3,"CRC_OK" , 60,"LORA",125000,"SF7"   ,"4/5",-43, +8.8,"30001962-00000000-00000000-00000000-00000000-00000000-00000000-00000000-00000000-00000000-00000000-00000000-00000000-00000000-00000000"
"B827EBFFFEE895BE","","2024-03-25 22:28:48.093Z", 191322156, 904300000,0, 2,"CRC_OK" , 30,"LORA",125000,"SF9"   ,"4/5",-51, +9.0,"80002048-00000000-00000000-00000000-00000000-00000000-00000000-0000"
"B827EBFFFEE895BE","","2024-03-25 22:28:49.077Z", 192306763, 904100000,0, 1,"CRC_OK" , 90,"LORA",125000,"SF7"   ,"4/5",-42, +9.2,"10001621-00000000-00000000-00000000-00000000-00000000-00000000-00000000-00000000-00000000-00000000-00000000-00000000-00000000-00000000-00000000-00000000-00000000-00000000-00000000-00000000-00000000-0000"
"B827EBFFFEE895BE","","2024-03-25 22:28:49.204Z", 192433756, 905100000,1, 6,"CRC_OK" ,120,"LORA",125000,"SF7"   ,"4/5",-41, +9.2,"70000FC3-00000000-00000000-00000000-00000000-00000000-00000000-00000000-00000000-00000000-00000000-00000000-00000000-00000000-00000000-00000000-00000000-00000000-00000000-00000000-00000000-00000000-00000000-00000000-00000000-00000000-00000000-00000000-00000000-00000000"
"B827EBFFFEE895BE","","2024-03-25 22:28:50.083Z", 193312835, 903900000,0, 0,"CRC_OK" ,120,"LORA",125000,"SF7"   ,"4/5",-42, +9.0,"10000F03-00000000-00000000-00000000-00000000-00000000-00000000-00000000-00000000-00000000-00000000-00000000-00000000-00000000-00000000-00000000-00000000-00000000-00000000-00000000-00000000-00000000-00000000-00000000-00000000-00000000-00000000-00000000-00000000-00000000"
"B827EBFFFEE895BE","","2024-03-25 22:28:51.155Z", 194386219, 904500000,0, 3,"CRC_OK" , 90,"LORA",125000,"SF7"   ,"4/5",-43, +9.5,"30001A62-00000000-00000000-00000000-00000000-00000000-00000000-00000000-00000000-00000000-00000000-00000000-00000000-00000000-00000000-00000000-00000000-00000000-00000000-00000000-00000000-00000000-0000"
"B827EBFFFEE895BE","","2024-03-25 22:28:51.512Z", 194742380, 904900000,1, 5,"CRC_OK" , 30,"LORA",125000,"SF7"   ,"4/5",-35, +9.2,"600004A1-00000000-00000000-00000000-00000000-00000000-00000000-0000"
"B827EBFFFEE895BE","","2024-03-25 22:28:51.759Z", 194986420, 904300000,0, 2,"CRC_OK" , 60,"LORA",125000,"SF9"   ,"4/5",-54, +9.5,"80002148-00000000-00000000-00000000-00000000-00000000-00000000-00000000-00000000-00000000-00000000-00000000-00000000-00000000-00000000"
"B827EBFFFEE895BE","","2024-03-25 22:28:52.016Z", 195245284, 904500000,0, 3,"CRC_OK" , 30,"LORA",125000,"SF9"   ,"4/5",-54, +9.2,"A0001469-00000000-00000000-00000000-00000000-00000000-00000000-0000"
"B827EBFFFEE895BE","","2024-03-25 22:28:52.169Z", 195401052, 904900000,1, 5,"CRC_OK" , 30,"LORA",125000,"SF7"   ,"4/5",-53, +9.5,"500010A0-00000000-00000000-00000000-00000000-00000000-00000000-0000"
"B827EBFFFEE895BE","","2024-03-25 22:28:52.419Z", 195649132, 904300000,0, 2,"CRC_OK" , 30,"LORA",125000,"SF9"   ,"4/5",-41, +8.5,"9000184A-00000000-00000000-00000000-00000000-00000000-00000000-0000"
"B827EBFFFEE895BE","","2024-03-25 22:28:52.508Z", 195734771, 904700000,1, 4,"CRC_OK" , 30,"LORA",125000,"SF7"   ,"4/5",-45,+10.2,"40001481-00000000-00000000-00000000-00000000-00000000-00000000-0000"
"B827EBFFFEE895BE","","2024-03-25 22:28:52.634Z", 195865635, 904100000,0, 1,"CRC_OK" ,120,"LORA",125000,"SF7"   ,"4/5",-42, +8.0,"10001721-00000000-00000000-00000000-00000000-00000000-00000000-00000000-00000000-00000000-00000000-00000000-00000000-00000000-00000000-00000000-00000000-00000000-00000000-00000000-00000000-00000000-00000000-00000000-00000000-00000000-00000000-00000000-00000000-00000000"
"B827EBFFFEE895BE","","2024-03-25 22:28:54.715Z", 197946827, 904500000,0, 3,"CRC_OK" ,120,"LORA",125000,"SF7"   ,"4/5",-43, +9.2,"30001B62-00000000-00000000-00000000-00000000-00000000-00000000-00000000-00000000-00000000-00000000-00000000-00000000-00000000-00000000-00000000-00000000-00000000-00000000-00000000-00000000-00000000-00000000-00000000-00000000-00000000-00000000-00000000-00000000-00000000"
"B827EBFFFEE895BE","","2024-03-25 22:28:55.072Z", 198301588, 904900000,1, 5,"CRC_OK" , 60,"LORA",125000,"SF7"   ,"4/5",-31, +9.2,"600005A1-00000000-00000000-00000000-00000000-00000000-00000000-00000000-00000000-00000000-00000000-00000000-00000000-00000000-00000000"
"B827EBFFFEE895BE","","2024-03-25 22:28:55.420Z", 198650388, 904300000,0, 2,"CRC_OK" , 90,"LORA",125000,"SF9"   ,"4/5",-54, +9.5,"80002248-00000000-00000000-00000000-00000000-00000000-00000000-00000000-00000000-00000000-00000000-00000000-00000000-00000000-00000000-00000000-00000000-00000000-00000000-00000000-00000000-00000000-0000"
"B827EBFFFEE895BE","","2024-03-25 22:28:55.673Z", 198902148, 904500000,0, 3,"CRC_OK" , 60,"LORA",125000,"SF9"   ,"4/5",-53, +9.5,"A0001569-00000000-00000000-00000000-00000000-00000000-00000000-00000000-00000000-00000000-00000000-00000000-00000000-00000000-00000000"
"B827EBFFFEE895BE","","2024-03-25 22:28:56.065Z", 199296803, 904700000,1, 4,"CRC_OK" , 60,"LORA",125000,"SF7"   ,"4/5",-48, +8.8,"40001581-00000000-00000000-00000000-00000000-00000000-00000000-00000000-00000000-00000000-00000000-00000000-00000000-00000000-00000000"
"B827EBFFFEE895BE","","2024-03-25 22:28:57.030Z", 200259892, 905300000,1, 7,"CRC_OK" , 30,"LORA",125000,"SF7"   ,"4/5",-48, +9.2,"700010E0-00000000-00000000-00000000-00000000-00000000-00000000-0000"
"B827EBFFFEE895BE","","2024-03-25 22:28:57.916Z", 201145899, 904100000,0, 1,"CRC_OK" , 30,"LORA",125000,"SF7"   ,"4/5",-52, +9.0,"10001020-00000000-00000000-00000000-00000000-00000000-00000000-0000"
"B827EBFFFEE895BE","","2024-03-25 22:28:58.634Z", 201864988, 904900000,1, 5,"CRC_OK" , 90,"LORA",125000,"SF7"   ,"4/5",-31, +9.2,"600006A1-00000000-00000000-00000000-00000000-00000000-00000000-00000000-00000000-00000000-00000000-00000000-00000000-00000000-00000000-00000000-00000000-00000000-00000000-00000000-00000000-00000000-0000"
"B827EBFFFEE895BE","","2024-03-25 22:28:59.067Z", 202294132, 904300000,0, 2,"CRC_OK" ,120,"LORA",125000,"SF9"   ,"4/5",-55, +9.5,"80002348-00000000-00000000-00000000-00000000-00000000-00000000-00000000-00000000-00000000-00000000-00000000-00000000-00000000-00000000-00000000-00000000-00000000-00000000-00000000-00000000-00000000-00000000-00000000-00000000-00000000-00000000-00000000-00000000-00000000"
"B827EBFFFEE895BE","","2024-03-25 22:28:59.293Z", 202524636, 904900000,1, 5,"CRC_OK" , 90,"LORA",125000,"SF7"   ,"4/5",-54, +9.5,"500012A0-00000000-00000000-00000000-00000000-00000000-00000000-00000000-00000000-00000000-00000000-00000000-00000000-00000000-00000000-00000000-00000000-00000000-00000000-00000000-00000000-00000000-0000"
"B827EBFFFEE895BE","","2024-03-25 22:28:59.633Z", 202863715, 904700000,1, 4,"CRC_OK" , 90,"LORA",125000,"SF7"   ,"4/5",-45, +9.2,"40001681-00000000-00000000-00000000-00000000-00000000-00000000-00000000-00000000-00000000-00000000-00000000-00000000-00000000-00000000-00000000-00000000-00000000-00000000-00000000-00000000-00000000-0000"
"B827EBFFFEE895BE","","2024-03-25 22:28:59.742Z", 202972388, 904300000,0, 2,"CRC_OK" , 90,"LORA",125000,"SF9"   ,"4/5",-48, +7.2,"90001A4A-00000000-00000000-00000000-00000000-00000000-00000000-00000000-00000000-00000000-00000000-00000000-00000000-00000000-00000000-00000000-00000000-00000000-00000000-00000000-00000000-00000000-0000"
"B827EBFFFEE895BE","","2024-03-25 22:29:00.548Z", 203779275, 904500000,0, 3,"CRC_OK" , 30,"LORA",125000,"SF7"   ,"4/5",-49, +9.5,"30001C63-00000000-00000000-00000000-00000000-00000000-00000000-0000"
"B827EBFFFEE895BE","","2024-03-25 22:29:01.474Z", 204705435, 904100000,0, 1,"CRC_OK" , 60,"LORA",125000,"SF7"   ,"4/5",-54, +8.8,"10001120-00000000-00000000-00000000-00000000-00000000-00000000-00000000-00000000-00000000-00000000-00000000-00000000-00000000-00000000"
"B827EBFFFEE895BE","","2024-03-25 22:29:02.193Z", 205423348, 904900000,1, 5,"CRC_OK" ,120,"LORA",125000,"SF7"   ,"4/5",-31,+10.8,"600007A1-00000000-00000000-00000000-00000000-00000000-00000000-00000000-00000000-00000000-00000000-00000000-00000000-00000000-00000000-00000000-00000000-00000000-00000000-00000000-00000000-00000000-00000000-00000000-00000000-00000000-00000000-00000000-00000000-00000000"
"B827EBFFFEE895BE","","2024-03-25 22:29:02.853Z", 206083948, 904900000,1, 5,"CRC_OK" ,120,"LORA",125000,"SF7"   ,"4/5",-54, +9.5,"500013A0-00000000-00000000-00000000-00000000-00000000-00000000-00000000-00000000-00000000-00000000-00000000-00000000-00000000-00000000-00000000-00000000-00000000-00000000-00000000-00000000-00000000-00000000-00000000-00000000-00000000-00000000-00000000-00000000-00000000"
"B827EBFFFEE895BE","","2024-03-25 22:29:02.973Z", 206201732, 904500000,0, 3,"CRC_OK" ,120,"LORA",125000,"SF9"   ,"4/5",-60, +9.2,"A0001769-00000000-00000000-00000000-00000000-00000000-00000000-00000000-00000000-00000000-00000000-00000000-00000000-00000000-00000000-00000000-00000000-00000000-00000000-00000000-00000000-00000000-00000000-00000000-00000000-00000000-00000000-00000000-00000000-00000000"
"B827EBFFFEE895BE","","2024-03-25 22:29:03.184Z", 206415883, 904700000,1, 4,"CRC_OK" ,120,"LORA",125000,"SF7"   ,"4/5",-46, +9.5,"40001781-00000000-00000000-00000000-00000000-00000000-00000000-00000000-00000000-00000000-00000000-00000000-00000000-00000000-00000000-00000000-00000000-00000000-00000000-00000000-00000000-00000000-00000000-00000000-00000000-00000000-00000000-00000000-00000000-00000000"
"B827EBFFFEE895BE","","2024-03-25 22:29:03.386Z", 206613604, 904300000,0, 2,"CRC_OK" ,120,"LORA",125000,"SF9"   ,"4/5",-42, +8.0,"90001B4A-00000000-00000000-00000000-00000000-00000000-00000000-00000000-00000000-00000000-00000000-00000000-00000000-00000000-00000000-00000000-00000000-00000000-00000000-00000000-00000000-00000000-00000000-00000000-00000000-00000000-00000000-00000000-00000000-00000000"
"B827EBFFFEE895BE","","2024-03-25 22:29:04.110Z", 207339483, 904500000,0, 3,"CRC_OK" , 60,"LORA",125000,"SF7"   ,"4/5",-46, +8.5,"30001D63-00000000-00000000-00000000-00000000-00000000-00000000-00000000-00000000-00000000-00000000-00000000-00000000-00000000-00000000"
"B827EBFFFEE895BE","","2024-03-25 22:29:05.041Z", 208270155, 904100000,0, 1,"CRC_OK" , 90,"LORA",125000,"SF7"   ,"4/5",-57,+10.5,"10001220-00000000-00000000-00000000-00000000-00000000-00000000-00000000-00000000-00000000-00000000-00000000-00000000-00000000-00000000-00000000-00000000-00000000-00000000-00000000-00000000-00000000-0000"
"B827EBFFFEE895BE","","2024-03-25 22:29:07.675Z", 210904987, 904500000,0, 3,"CRC_OK" , 90,"LORA",125000,"SF7"   ,"4/5",-41,+10.0,"30001E63-00000000-00000000-00000000-00000000-00000000-00000000-00000000-00000000-00000000-00000000-00000000-00000000-00000000-00000000-00000000-00000000-00000000-00000000-00000000-00000000-00000000-0000"
"B827EBFFFEE895BE","","2024-03-25 22:29:08.283Z", 211511900, 904300000,0, 2,"CRC_OK" , 60,"LORA",125000,"SF9"   ,"4/5",-51, +8.5,"80002549-00000000-00000000-00000000-00000000-00000000-00000000-00000000-00000000-00000000-00000000-00000000-00000000-00000000-00000000"
"B827EBFFFEE895BE","","2024-03-25 22:29:08.531Z", 211759708, 904500000,0, 3,"CRC_OK" , 30,"LORA",125000,"SF9"   ,"4/5",-43, +9.5,"A000186A-00000000-00000000-00000000-00000000-00000000-00000000-0000"
"B827EBFFFEE895BE","","2024-03-25 22:29:08.598Z", 211829699, 904100000,0, 1,"CRC_OK" ,120,"LORA",125000,"SF7"   ,"4/5",-50, +9.5,"10001320-00000000-00000000-00000000-00000000-00000000-00000000-00000000-00000000-00000000-00000000-00000000-00000000-00000000-00000000-00000000-00000000-00000000-00000000-00000000-00000000-00000000-00000000-00000000-00000000-00000000-00000000-00000000-00000000-00000000"
"B827EBFFFEE895BE","","2024-03-25 22:29:08.683Z", 211914452, 904900000,1, 5,"CRC_OK" , 30,"LORA",125000,"SF7"   ,"4/5",-54, +8.8,"500014A1-00000000-00000000-00000000-00000000-00000000-00000000-0000"
"B827EBFFFEE895BE","","2024-03-25 22:29:08.947Z", 212177523, 904700000,1, 4,"CRC_OK" , 30,"LORA",125000,"SF7"   ,"4/5",-42,+10.0,"40001882-00000000-00000000-00000000-00000000-00000000-00000000-0000"
"B827EBFFFEE895BE","","2024-03-25 22:29:10.128Z", 213358763, 904300000,0, 2,"CRC_OK" , 30,"LORA",125000,"SF7"   ,"4/5",-55, +7.0,"20001040-00000000-00000000-00000000-00000000-00000000-00000000-0000"
"B827EBFFFEE895BE","","2024-03-25 22:29:11.221Z", 214450739, 904500000,0, 3,"CRC_OK" ,120,"LORA",125000,"SF7"   ,"4/5",-52, +9.5,"30001F63-00000000-00000000-00000000-00000000-00000000-00000000-00000000-00000000-00000000-00000000-00000000-00000000-00000000-00000000-00000000-00000000-00000000-00000000-00000000-00000000-00000000-00000000-00000000-00000000-00000000-00000000-00000000-00000000-00000000"
"B827EBFFFEE895BE","","2024-03-25 22:29:11.578Z", 214809668, 904900000,1, 5,"CRC_OK" , 60,"LORA",125000,"SF7"   ,"4/5",-29,+10.2,"600009A2-00000000-00000000-00000000-00000000-00000000-00000000-00000000-00000000-00000000-00000000-00000000-00000000-00000000-00000000"
"B827EBFFFEE895BE","","2024-03-25 22:29:11.946Z", 215175804, 904300000,0, 2,"CRC_OK" , 90,"LORA",125000,"SF9"   ,"4/5",-51, +8.8,"80002649-00000000-00000000-00000000-00000000-00000000-00000000-00000000-00000000-00000000-00000000-00000000-00000000-00000000-00000000-00000000-00000000-00000000-00000000-00000000-00000000-00000000-0000"
"B827EBFFFEE895BE","","2024-03-25 22:29:12.205Z", 215432524, 904500000,0, 3,"CRC_OK" , 60,"LORA",125000,"SF9"   ,"4/5",-49, +9.8,"A000196A-00000000-00000000-00000000-00000000-00000000-00000000-00000000-00000000-00000000-00000000-00000000-00000000-00000000-00000000"
"B827EBFFFEE895BE","","2024-03-25 22:29:12.594Z", 215823764, 904300000,0, 2,"CRC_OK" , 60,"LORA",125000,"SF9"   ,"4/5",-48, +8.0,"90001D4B-00000000-00000000-00000000-00000000-00000000-00000000-00000000-00000000-00000000-00000000-00000000-00000000-00000000-00000000"
"B827EBFFFEE895BE","","2024-03-25 22:29:13.534Z", 216764596, 905300000,1, 7,"CRC_OK" , 30,"LORA",125000,"SF7"   ,"4/5",-43, +9.5,"700014E1-00000000-00000000-00000000-00000000-00000000-00000000-0000"
"B827EBFFFEE895BE","","2024-03-25 22:29:14.428Z", 217660299, 904100000,0, 1,"CRC_OK" , 30,"LORA",125000,"SF7"   ,"4/5",-47, +9.8,"10001421-00000000-00000000-00000000-00000000-00000000-00000000-0000"
"B827EBFFFEE895BE","","2024-03-25 22:29:15.143Z", 218373476, 904900000,1, 5,"CRC_OK" , 90,"LORA",125000,"SF7"   ,"4/5",-27, +9.8,"60000AA2-00000000-00000000-00000000-00000000-00000000-00000000-00000000-00000000-00000000-00000000-00000000-00000000-00000000-00000000-00000000-00000000-00000000-00000000-00000000-00000000-00000000-0000"
"B827EBFFFEE895BE","","2024-03-25 22:29:15.592Z", 218819436, 904300000,0, 2,"CRC_OK" ,120,"LORA",125000,"SF9"   ,"4/5",-51, +8.5,"80002749-00000000-00000000-00000000-00000000-00000000-00000000-00000000-00000000-00000000-00000000-00000000-00000000-00000000-00000000-00000000-00000000-00000000-00000000-00000000-00000000-00000000-00000000-00000000-00000000-00000000-00000000-00000000-00000000-00000000"
"B827EBFFFEE895BE","","2024-03-25 22:29:15.809Z", 219038132, 904900000,1, 5,"CRC_OK" , 90,"LORA",125000,"SF7"   ,"4/5",-53, +9.5,"500016A1-00000000-00000000-00000000-00000000-00000000-00000000-00000000-00000000-00000000-00000000-00000000-00000000-00000000-00000000-00000000-00000000-00000000-00000000-00000000-00000000-00000000-0000"
"B827EBFFFEE895BE","","2024-03-25 22:29:16.032Z", 219263675, 904700000,1, 4,"CRC_OK" , 90,"LORA",125000,"SF7"   ,"4/5",-40,+10.0,"40001A82-00000000-00000000-00000000-00000000-00000000-00000000-00000000-00000000-00000000-00000000-00000000-00000000-00000000-00000000-00000000-00000000-00000000-00000000-00000000-00000000-00000000-0000"
"B827EBFFFEE895BE","","2024-03-25 22:29:16.256Z", 219485132, 904300000,0, 2,"CRC_OK" , 90,"LORA",125000,"SF9"   ,"4/5",-47, +7.5,"90001E4B-00000000-00000000-00000000-00000000-00000000-00000000-00000000-00000000-00000000-00000000-00000000-00000000-00000000-00000000-00000000-00000000-00000000-00000000-00000000-00000000-00000000-0000"
"B827EBFFFEE895BE","","2024-03-25 22:29:17.093Z", 220322964, 905300000,1, 7,"CRC_OK" , 60,"LORA",125000,"SF7"   ,"4/5",-42, +7.5,"700015E1-00000000-00000000-00000000-00000000-00000000-00000000-00000000-00000000-00000000-00000000-00000000-00000000-00000000-00000000"
"B827EBFFFEE895BE","","2024-03-25 22:29:17.289Z", 220520243, 904300000,0, 2,"CRC_OK" , 90,"LORA",125000,"SF7"   ,"4/5",-66, +7.0,"20001240-00000000-00000000-00000000-00000000-00000000-00000000-00000000-00000000-00000000-00000000-00000000-00000000-00000000-00000000-00000000-00000000-00000000-00000000-00000000-00000000-00000000-0000"
"B827EBFFFEE895BE","","2024-03-25 22:29:17.989Z", 221220099, 904100000,0, 1,"CRC_OK" , 60,"LORA",125000,"SF7"   ,"4/5",-44, +8.8,"10001521-00000000-00000000-00000000-00000000-00000000-00000000-00000000-00000000-00000000-00000000-00000000-00000000-00000000-00000000"
"B827EBFFFEE895BE","","2024-03-25 22:29:18.702Z", 221932356, 904900000,1, 5,"CRC_OK" ,120,"LORA",125000,"SF7"   ,"4/5",-30,+10.0,"60000BA2-00000000-00000000-00000000-00000000-00000000-00000000-00000000-00000000-00000000-00000000-00000000-00000000-00000000-00000000-00000000-00000000-00000000-00000000-00000000-00000000-00000000-00000000-00000000-00000000-00000000-00000000-00000000-00000000-00000000"
"B827EBFFFEE895BE","","2024-03-25 22:29:19.010Z", 222239515, 904700000,1, 4,"CRC_OK" , 30,"LORA",125000,"SF7"   ,"4/5",-59,+10.0,"30002080-00000000-00000000-00000000-00000000-00000000-00000000-0000"
"B827EBFFFEE895BE","","2024-03-25 22:29:19.366Z", 222597588, 904900000,1, 5,"CRC_OK" ,120,"LORA",125000,"SF7"   ,"4/5",-52, +8.5,"500017A1-00000000-00000000-00000000-00000000-00000000-00000000-00000000-00000000-00000000-00000000-00000000-00000000-00000000-00000000-00000000-00000000-00000000-00000000-00000000-00000000-00000000-00000000-00000000-00000000-00000000-00000000-00000000-00000000-00000000"
"B827EBFFFEE895BE","","2024-03-25 22:29:19.524Z", 222753108, 904500000,0, 3,"CRC_OK" ,120,"LORA",125000,"SF9"   ,"4/5",-48, +8.8,"A0001B6A-00000000-00000000-00000000-00000000-00000000-00000000-00000000-00000000-00000000-00000000-00000000-00000000-00000000-00000000-00000000-00000000-00000000-00000000-00000000-00000000-00000000-00000000-00000000-00000000-00000000-00000000-00000000-00000000-00000000"
"B827EBFFFEE895BE","","2024-03-25 22:29:20.655Z", 223886716, 905300000,1, 7,"CRC_OK" , 90,"LORA",125000,"SF7"   ,"4/5",-42, +7.5,"700016E1-00000000-00000000-00000000-00000000-00000000-00000000-00000000-00000000-00000000-00000000-00000000-00000000-00000000-00000000-00000000-00000000-00000000-00000000-00000000-00000000-00000000-0000"
"B827EBFFFEE895BE","","2024-03-25 22:29:20.860Z", 224089435, 904300000,0, 2,"CRC_OK" ,120,"LORA",125000,"SF7"   ,"4/5",-63, +7.2,"20001340-00000000-00000000-00000000-00000000-00000000-00000000-00000000-00000000-00000000-00000000-00000000-00000000-00000000-00000000-00000000-00000000-00000000-00000000-00000000-00000000-00000000-00000000-00000000-00000000-00000000-00000000-00000000-00000000-00000000"
"B827EBFFFEE895BE","","2024-03-25 22:29:21.143Z", 224372660, 904300000,0, 2,"CRC_OK" , 30,"LORA",125000,"SF9"   ,"4/5",-42, +8.8,"8000284A-00000000-00000000-00000000-00000000-00000000-00000000-0000"
"B827EBFFFEE895BE","","2024-03-25 22:29:21.553Z", 224784555, 904100000,0, 1,"CRC_OK" , 90,"LORA",125000,"SF7"   ,"4/5",-51,+10.0,"10001621-00000000-00000000-00000000-00000000-00000000-00000000-00000000-00000000-00000000-00000000-00000000-00000000-00000000-00000000-00000000-00000000-00000000-00000000-00000000-00000000-00000000-0000"
"B827EBFFFEE895BE","","2024-03-25 22:29:22.555Z", 225785611, 904700000,1, 4,"CRC_OK" , 60,"LORA",125000,"SF7"   ,"4/5",-63, +9.2,"30002180-00000000-00000000-00000000-00000000-00000000-00000000-00000000-00000000-00000000-00000000-00000000-00000000-00000000-00000000"
"B827EBFFFEE895BE","","2024-03-25 22:29:24.216Z", 227445332, 905300000,1, 7,"CRC_OK" ,120,"LORA",125000,"SF7"   ,"4/5",-40, +8.8,"700017E1-00000000-00000000-00000000-00000000-00000000-00000000-00000000-00000000-00000000-00000000-00000000-00000000-00000000-00000000-00000000-00000000-00000000-00000000-00000000-00000000-00000000-00000000-00000000-00000000-00000000-00000000-00000000-00000000-00000000"
"B827EBFFFEE895BE","","2024-03-25 22:29:24.530Z", 227761852, 904900000,1, 5,"CRC_OK" , 30,"LORA",125000,"SF7"   ,"4/5",-27,+10.0,"60000CA3-00000000-00000000-00000000-00000000-00000000-00000000-0000"
"B827EBFFFEE895BE","","2024-03-25 22:29:24.809Z", 228036860, 904300000,0, 2,"CRC_OK" , 60,"LORA",125000,"SF9"   ,"4/5",-47, +8.0,"8000294A-00000000-00000000-00000000-00000000-00000000-00000000-00000000-00000000-00000000-00000000-00000000-00000000-00000000-00000000"
"B827EBFFFEE895BE","","2024-03-25 22:29:25.085Z", 228314524, 904500000,0, 3,"CRC_OK" , 30,"LORA",125000,"SF9"   ,"4/5",-47,+11.0,"A0001C6B-00000000-00000000-00000000-00000000-00000000-00000000-0000"
"B827EBFFFEE895BE","","2024-03-25 22:29:25.198Z", 228428876, 904900000,1, 5,"CRC_OK" , 30,"LORA",125000,"SF7"   ,"4/5",-46, +9.5,"500018A2-00000000-00000000-00000000-00000000-00000000-00000000-0000"
"B827EBFFFEE895BE","","2024-03-25 22:29:26.109Z", 229340947, 904700000,1, 4,"CRC_OK" , 90,"LORA",125000,"SF7"   ,"4/5",-54, +9.2,"30002280-00000000-00000000-00000000-00000000-00000000-00000000-00000000-00000000-00000000-00000000-00000000-00000000-00000000-00000000-00000000-00000000-00000000-00000000-00000000-00000000-00000000-0000"
"B827EBFFFEE895BE","","2024-03-25 22:29:26.702Z", 229931035, 904300000,0, 2,"CRC_OK" , 30,"LORA",125000,"SF7"   ,"4/5",-58, +7.5,"20001441-00000000-00000000-00000000-00000000-00000000-00000000-0000"
"B827EBFFFEE895BE","","2024-03-25 22:29:27.448Z", 230676404, 904500000,0, 3,"CRC_OK" , 30,"LORA",125000,"SF9"   ,"4/5",-54,+12.5,"90002068-00000000-00000000-00000000-00000000-00000000-00000000-0000"
"B827EBFFFEE895BE","","2024-03-25 22:29:28.075Z", 231305827, 904500000,0, 3,"CRC_BAD", 49,"LORA",125000,"SF7"   ,"4/5",-83, -6.2,"0B7823AF-818608F1-35E75156-F963C4CC-008C800A-88CC00C0-08002040-880B19AB-AAD69D88-0A8C1032-09114160-9D000006-00"
"B827EBFFFEE895BE","","2024-03-25 22:29:28.473Z", 231700988, 904300000,0, 2,"CRC_OK" , 90,"LORA",125000,"SF9"   ,"4/5",-45, +8.8,"80002A4A-00000000-00000000-00000000-00000000-00000000-00000000-00000000-00000000-00000000-00000000-00000000-00000000-00000000-00000000-00000000-00000000-00000000-00000000-00000000-00000000-00000000-0000"
"B827EBFFFEE895BE","","2024-03-25 22:29:28.754Z", 231982300, 904500000,0, 3,"CRC_OK" , 60,"LORA",125000,"SF9"   ,"4/5",-42, +9.5,"A0001D6B-00000000-00000000-00000000-00000000-00000000-00000000-00000000-00000000-00000000-00000000-00000000-00000000-00000000-00000000"
"B827EBFFFEE895BE","","2024-03-25 22:29:28.960Z", 232190059, 904700000,1, 4,"CRC_OK" , 60,"LORA",125000,"SF7"   ,"4/5",-42, +9.2,"40001D83-00000000-00000000-00000000-00000000-00000000-00000000-00000000-00000000-00000000-00000000-00000000-00000000-00000000-00000000"
"B827EBFFFEE895BE","","2024-03-25 22:29:30.044Z", 233274500, 905300000,1, 7,"CRC_OK" , 30,"LORA",125000,"SF7"   ,"4/5",-36, +7.2,"700018E2-00000000-00000000-00000000-00000000-00000000-00000000-0000"
"B827EBFFFEE895BE","","2024-03-25 22:29:30.264Z", 233494355, 904300000,0, 2,"CRC_OK" , 60,"LORA",125000,"SF7"   ,"4/5",-51, +7.0,"20001541-00000000-00000000-00000000-00000000-00000000-00000000-00000000-00000000-00000000-00000000-00000000-00000000-00000000-00000000"
"B827EBFFFEE895BE","","2024-03-25 22:29:30.939Z", 234169459, 904100000,0, 1,"CRC_OK" , 30,"LORA",125000,"SF7"   ,"4/5",-43, +9.5,"10001822-00000000-00000000-00000000-00000000-00000000-00000000-0000"
"B827EBFFFEE895BE","","2024-03-25 22:29:31.654Z", 234885156, 904900000,1, 5,"CRC_OK" , 90,"LORA",125000,"SF7"   ,"4/5",-23, +9.2,"60000EA3-00000000-00000000-00000000-00000000-00000000-00000000-00000000-00000000-00000000-00000000-00000000-00000000-00000000-00000000-00000000-00000000-00000000-00000000-00000000-00000000-00000000-0000"
"B827EBFFFEE895BE","","2024-03-25 22:29:32.116Z", 235344620, 904300000,0, 2,"CRC_OK" ,120,"LORA",125000,"SF9"   ,"4/5",-41, +8.5,"80002B4A-00000000-00000000-00000000-00000000-00000000-00000000-00000000-00000000-00000000-00000000-00000000-00000000-00000000-00000000-00000000-00000000-00000000-00000000-00000000-00000000-00000000-00000000-00000000-00000000-00000000-00000000-00000000-00000000-00000000"
"B827EBFFFEE895BE","","2024-03-25 22:29:32.323Z", 235553620, 904900000,1, 5,"CRC_OK" , 90,"LORA",125000,"SF7"   ,"4/5",-48, +9.0,"50001AA2-00000000-00000000-00000000-00000000-00000000-00000000-00000000-00000000-00000000-00000000-00000000-00000000-00000000-00000000-00000000-00000000-00000000-00000000-00000000-00000000-00000000-0000"
"B827EBFFFEE895BE","","2024-03-25 22:29:32.420Z", 235649708, 904500000,0, 3,"CRC_OK" , 90,"LORA",125000,"SF9"   ,"4/5",-48,+10.0,"A0001E6B-00000000-00000000-00000000-00000000-00000000-00000000-00000000-00000000-00000000-00000000-00000000-00000000-00000000-00000000-00000000-00000000-00000000-00000000-00000000-00000000-00000000-0000"
"B827EBFFFEE895BE","","2024-03-25 22:29:32.522Z", 235751275, 904700000,1, 4,"CRC_OK" , 90,"LORA",125000,"SF7"   ,"4/5",-42,+10.0,"40001E83-00000000-00000000-00000000-00000000-00000000-00000000-00000000-00000000-00000000-00000000-00000000-00000000-00000000-00000000-00000000-00000000-00000000-00000000-00000000-00000000-00000000-0000"
"B827EBFFFEE895BE","","2024-03-25 22:29:33.604Z", 236833204, 905300000,1, 7,"CRC_OK" , 60,"LORA",125000,"SF7"   ,"4/5",-36, +9.0,"700019E2-00000000-00000000-00000000-00000000-00000000-00000000-00000000-00000000-00000000-00000000-00000000-00000000-00000000-00000000"
"B827EBFFFEE895BE","","2024-03-25 22:29:33.604Z", 236833724, 904900000,1, 5,"CRC_BAD", 60,"LORA",125000,"SF7"   ,"4/5",-95, -7.2,"13CAB3EE-00000059-334FC93C-F96B6C0C-08BCA082-8AC500C0-00500040-8D08A8A8-EA5C9912-80001431-091040F4-9C110103-10600008-70B6936E-29040048"
"B827EBFFFEE895BE","","2024-03-25 22:29:33.832Z", 237061795, 904300000,0, 2,"CRC_OK" , 90,"LORA",125000,"SF7"   ,"4/5",-51, +7.2,"20001641-00000000-00000000-00000000-00000000-00000000-00000000-00000000-00000000-00000000-00000000-00000000-00000000-00000000-00000000-00000000-00000000-00000000-00000000-00000000-00000000-00000000-0000"
"B827EBFFFEE895BE","","2024-03-25 22:29:34.497Z", 237727171, 904100000,0, 1,"CRC_OK" , 60,"LORA",125000,"SF7"   ,"4/5",-45, +9.0,"10001922-00000000-00000000-00000000-00000000-00000000-00000000-00000000-00000000-00000000-00000000-00000000-00000000-00000000-00000000"
"B827EBFFFEE895BE","","2024-03-25 22:29:34.773Z", 237999460, 904500000,0, 3,"CRC_OK" , 90,"LORA",125000,"SF9"   ,"4/5",-52,+11.8,"90002268-00000000-00000000-00000000-00000000-00000000-00000000-00000000-00000000-00000000-00000000-00000000-00000000-00000000-00000000-00000000-00000000-00000000-00000000-00000000-00000000-00000000-0000"
"B827EBFFFEE895BE","","2024-03-25 22:29:35.213Z", 238444052, 904900000,1, 5,"CRC_OK" ,120,"LORA",125000,"SF7"   ,"4/5",-27, +8.8,"60000FA3-00000000-00000000-00000000-00000000-00000000-00000000-00000000-00000000-00000000-00000000-00000000-00000000-00000000-00000000-00000000-00000000-00000000-00000000-00000000-00000000-00000000-00000000-00000000-00000000-00000000-00000000-00000000-00000000-00000000"
"B827EBFFFEE895BE","","2024-03-25 22:29:35.482Z", 238711899, 904700000,1, 4,"CRC_OK" , 30,"LORA",125000,"SF7"   ,"4/5",-51, +8.5,"30002481-00000000-00000000-00000000-00000000-00000000-00000000-0000"
"B827EBFFFEE895BE","","2024-03-25 22:29:35.883Z", 239113620, 904900000,1, 5,"CRC_OK" ,120,"LORA",125000,"SF7"   ,"4/5",-51, +9.0,"50001BA2-00000000-00000000-00000000-00000000-00000000-00000000-00000000-00000000-00000000-00000000-00000000-00000000-00000000-00000000-00000000-00000000-00000000-00000000-00000000-00000000-00000000-00000000-00000000-00000000-00000000-00000000-00000000-00000000-00000000"
"B827EBFFFEE895BE","","2024-03-25 22:29:36.068Z", 239296452, 904500000,0, 3,"CRC_OK" ,120,"LORA",125000,"SF9"   ,"4/5",-48,+10.0,"A0001F6B-00000000-00000000-00000000-00000000-00000000-00000000-00000000-00000000-00000000-00000000-00000000-00000000-00000000-00000000-00000000-00000000-00000000-00000000-00000000-00000000-00000000-00000000-00000000-00000000-00000000-00000000-00000000-00000000-00000000"
"B827EBFFFEE895BE","","2024-03-25 22:29:37.394Z", 240623771, 904300000,0, 2,"CRC_OK" ,120,"LORA",125000,"SF7"   ,"4/5",-60, +7.0,"20001741-00000000-00000000-00000000-00000000-00000000-00000000-00000000-00000000-00000000-00000000-00000000-00000000-00000000-00000000-00000000-00000000-00000000-00000000-00000000-00000000-00000000-00000000-00000000-00000000-00000000-00000000-00000000-00000000-00000000"
"B827EBFFFEE895BE","","2024-03-25 22:29:37.669Z", 240898084, 904300000,0, 2,"CRC_OK" , 30,"LORA",125000,"SF9"   ,"4/5",-43, +9.2,"80002C4B-00000000-00000000-00000000-00000000-00000000-00000000-0000"
"B827EBFFFEE895BE","","2024-03-25 22:29:38.059Z", 241290275, 904100000,0, 1,"CRC_OK" , 90,"LORA",125000,"SF7"   ,"4/5",-45, +8.5,"10001A22-00000000-00000000-00000000-00000000-00000000-00000000-00000000-00000000-00000000-00000000-00000000-00000000-00000000-00000000-00000000-00000000-00000000-00000000-00000000-00000000-00000000-0000"
"B827EBFFFEE895BE","","2024-03-25 22:29:39.036Z", 242265523, 904700000,1, 4,"CRC_OK" , 60,"LORA",125000,"SF7"   ,"4/5",-48, +8.8,"30002581-00000000-00000000-00000000-00000000-00000000-00000000-00000000-00000000-00000000-00000000-00000000-00000000-00000000-00000000"
"B827EBFFFEE895BE","","2024-03-25 22:29:40.725Z", 243955988, 905300000,1, 7,"CRC_OK" ,120,"LORA",125000,"SF7"   ,"4/5",-42, +9.0,"70001BE2-00000000-00000000-00000000-00000000-00000000-00000000-00000000-00000000-00000000-00000000-00000000-00000000-00000000-00000000-00000000-00000000-00000000-00000000-00000000-00000000-00000000-00000000-00000000-00000000-00000000-00000000-00000000-00000000-00000000"
